name,value,posX,posY,size,
0,2264.0,,,,
,-1.0,4159.5557,1534.4757,100.0,
,-1.0,1763.128,2071.395,100.0,
,-1.0,4304.904,890.67755,100.0,
,-1.0,5869.591,8137.933,100.0,
,-1.0,3460.444,8826.876,100.0,
,-1.0,3665.6963,9939.777,100.0,
,-1.0,4407.1646,2776.022,100.0,
,-1.0,8684.435,6334.591,100.0,
,-1.0,4339.476,9628.618,100.0,
,-1.0,5574.6196,6163.003,100.0,
,-1.0,1146.5942,9213.531,100.0,
,-1.0,9630.956,8421.243,100.0,
,-1.0,6161.8384,4268.91,100.0,
,-1.0,3050.413,4512.0674,100.0,
,-1.0,9746.844,2503.3516,100.0,
,-1.0,891.4226,1921.9166,100.0,
,-1.0,7047.6816,7999.686,100.0,
,-1.0,4867.2764,1944.6814,100.0,
,-1.0,9107.997,261.19412,100.0,
,-1.0,8267.991,5397.253,100.0,
,-1.0,3517.9722,9808.589,100.0,
,-1.0,3571.368,2080.859,100.0,
,-1.0,8966.142,9728.109,100.0,
,-1.0,5801.065,872.89154,100.0,
,-1.0,7773.7446,5924.959,100.0,
,-1.0,9075.385,5530.6997,100.0,
,-1.0,8839.938,3186.993,100.0,
,-1.0,2754.5535,5701.9844,100.0,
,-1.0,2803.167,5301.84,100.0,
,-1.0,3357.4033,6322.7188,100.0,
,-1.0,9803.316,1344.0382,100.0,
,-1.0,2232.2769,1005.7074,100.0,
,-1.0,4465.8853,5460.546,100.0,
,-1.0,9615.099,4550.228,100.0,
,-1.0,9859.757,7793.1094,100.0,
,-1.0,8004.176,6111.029,100.0,
,-1.0,2721.7036,1000.3418,100.0,
,-1.0,1072.1892,1534.8792,100.0,
,-1.0,2492.4255,1753.2938,100.0,
,-1.0,4997.964,992.853,100.0,
,-1.0,1250.7296,3804.292,100.0,
,-1.0,3042.1448,5300.6694,100.0,
,-1.0,5825.7803,8154.631,100.0,
,-1.0,9351.29,1628.0944,100.0,
,-1.0,5854.697,3513.3762,100.0,
,-1.0,6824.91,958.30383,100.0,
,-1.0,6758.078,3844.3118,100.0,
,-1.0,5921.4624,6382.0903,100.0,
,-1.0,7234.2466,9194.457,100.0,
,-1.0,5545.5776,2718.9797,100.0,
,-1.0,410.5544,6195.379,100.0,
,-1.0,4714.2036,5073.1724,100.0,
,-1.0,3004.5457,8293.721,100.0,
,-1.0,139.67633,1688.2837,100.0,
,-1.0,287.85287,5722.241,100.0,
,-1.0,2819.89,6199.0947,100.0,
,-1.0,7141.67,6945.7188,100.0,
,-1.0,8347.917,6335.0464,100.0,
,-1.0,8655.646,7442.085,100.0,
,-1.0,5135.1587,1959.4156,100.0,
,-1.0,2444.7864,6499.1533,100.0,
,-1.0,803.9612,586.6158,100.0,
,-1.0,9815.18,6668.5034,100.0,
,-1.0,5399.735,5170.8223,100.0,
,-1.0,3054.2285,4724.0703,100.0,
,-1.0,6081.9653,7871.188,100.0,
,-1.0,1190.8197,3683.474,100.0,
,-1.0,8892.775,6947.764,100.0,
,-1.0,9583.147,6581.133,100.0,
,-1.0,916.37494,8109.4326,100.0,
,-1.0,8445.518,8306.036,100.0,
,-1.0,9509.983,9108.669,100.0,
,-1.0,9000.485,8662.171,100.0,
,-1.0,2714.62,8651.829,100.0,
,-1.0,1200.4102,9760.815,100.0,
,-1.0,6882.1953,668.397,100.0,
,-1.0,5045.626,3452.2117,100.0,
,-1.0,8954.098,9464.743,100.0,
,-1.0,5358.6274,9446.796,100.0,
,-1.0,3698.107,3490.4778,100.0,
,-1.0,2660.1057,4416.713,100.0,
,-1.0,2088.0002,7487.423,100.0,
,-1.0,6519.6973,4216.508,100.0,
,-1.0,9458.239,8198.069,100.0,
,-1.0,1689.4043,583.74585,100.0,
,-1.0,9180.275,5013.7485,100.0,
,-1.0,6519.753,5598.066,100.0,
,-1.0,4514.219,7780.4683,100.0,
,-1.0,937.8642,9769.368,100.0,
,-1.0,2648.191,2196.6755,100.0,
,-1.0,1744.1034,6027.2573,100.0,
,-1.0,7436.888,2982.3916,100.0,
,-1.0,3552.3992,2885.4705,100.0,
,-1.0,2211.6917,4329.9956,100.0,
,-1.0,7532.5293,6604.1445,100.0,
,-1.0,9508.71,526.13556,100.0,
,-1.0,8665.703,7872.876,100.0,
,-1.0,8431.927,431.14127,100.0,
,-1.0,7734.013,2148.4155,100.0,
,-1.0,2450.4036,2492.1191,100.0,
,-1.0,2247.281,718.4917,100.0,
,-1.0,5067.0396,830.4274,100.0,
,-1.0,2266.4268,8399.973,100.0,
,-1.0,9368.678,2771.195,100.0,
,-1.0,2190.658,2743.836,100.0,
,-1.0,881.5181,7966.249,100.0,
,-1.0,8398.041,3096.0334,100.0,
,-1.0,4351.397,4402.516,100.0,
,-1.0,8807.757,7893.267,100.0,
,-1.0,1516.0847,6392.4,100.0,
,-1.0,3391.5405,7353.2573,100.0,
,-1.0,3138.4658,9823.628,100.0,
,-1.0,2106.452,1103.766,100.0,
,-1.0,8558.34,5122.8193,100.0,
,-1.0,7137.554,6293.2026,100.0,
,-1.0,5861.163,4584.848,100.0,
,-1.0,1494.9381,9004.135,100.0,
,-1.0,6050.0503,7870.7153,100.0,
,-1.0,3453.5486,8171.6655,100.0,
,-1.0,2969.6208,3917.8909,100.0,
,-1.0,1886.5913,7169.9907,100.0,
,-1.0,4325.189,4483.139,100.0,
,-1.0,7835.257,9407.234,100.0,
,-1.0,7157.588,699.0743,100.0,
,-1.0,2571.606,3951.9507,100.0,
,-1.0,7293.533,9928.753,100.0,
,-1.0,7621.6323,8851.638,100.0,
,-1.0,7345.5776,2810.3542,100.0,
,-1.0,1676.7513,9497.919,100.0,
,-1.0,2067.831,5565.652,100.0,
,-1.0,7770.6616,8404.254,100.0,
,-1.0,5597.9424,7676.7993,100.0,
,-1.0,9552.18,6.3997507,100.0,
,-1.0,9178.255,1097.7405,100.0,
,-1.0,1742.1931,8645.3955,100.0,
,-1.0,4226.3906,1847.0323,100.0,
,-1.0,9004.285,1476.2812,100.0,
,-1.0,7526.0425,4622.333,100.0,
,-1.0,2345.2502,7547.758,100.0,
,-1.0,8271.881,3883.5417,100.0,
,-1.0,8936.21,4259.5444,100.0,
,-1.0,698.97,2478.242,100.0,
,-1.0,1831.1632,7522.692,100.0,
,-1.0,8058.8247,9542.659,100.0,
,-1.0,662.65106,9576.877,100.0,
,-1.0,304.45636,222.80634,100.0,
,-1.0,4000.1357,1067.7063,100.0,
,-1.0,7579.9453,9249.392,100.0,
,-1.0,2933.206,1822.1665,100.0,
,-1.0,7571.839,997.91705,100.0,
,-1.0,3637.7288,8103.8896,100.0,
,-1.0,7097.109,9210.188,100.0,
,-1.0,2528.5889,5960.402,100.0,
,-1.0,6633.542,7789.2607,100.0,
,-1.0,209.04958,8726.711,100.0,
,-1.0,2532.904,9157.111,100.0,
,-1.0,2186.601,7614.4727,100.0,
,-1.0,1615.5785,1639.6218,100.0,
,-1.0,3412.2742,3540.8967,100.0,
,-1.0,9979.679,1679.765,100.0,
,-1.0,6569.8394,4539.925,100.0,
,-1.0,4951.008,8746.247,100.0,
,-1.0,7929.4517,9.878874,100.0,
,-1.0,967.2201,376.74606,100.0,
,-1.0,4.686117,2102.7207,100.0,
,-1.0,6175.704,5553.9023,100.0,
,-1.0,3511.367,7322.5557,100.0,
,-1.0,3007.2017,6646.2393,100.0,
,-1.0,6801.2305,2103.557,100.0,
,-1.0,8873.958,2449.3926,100.0,
,-1.0,4394.585,4164.8765,100.0,
,-1.0,371.97174,7835.805,100.0,
,-1.0,6106.3047,3833.3374,100.0,
,-1.0,2067.2244,2684.279,100.0,
,-1.0,8446.946,8597.8955,100.0,
,-1.0,4632.1055,1557.1171,100.0,
,-1.0,6629.2886,5818.775,100.0,
,-1.0,7522.539,3514.0789,100.0,
,-1.0,389.13727,4116.073,100.0,
,-1.0,1770.7568,6319.1235,100.0,
,-1.0,3692.0183,8175.741,100.0,
,-1.0,5650.7236,8470.155,100.0,
,-1.0,7066.773,3173.7954,100.0,
,-1.0,2532.359,4009.4043,100.0,
,-1.0,4572.3735,8398.241,100.0,
,-1.0,9616.361,1252.1476,100.0,
,-1.0,9728.377,1707.7773,100.0,
,-1.0,4458.409,7484.936,100.0,
,-1.0,7337.2173,6131.4614,100.0,
,-1.0,7905.899,249.24934,100.0,
,-1.0,6904.1616,5096.03,100.0,
,-1.0,4525.0933,7277.6846,100.0,
,-1.0,5188.3774,79.63598,100.0,
,-1.0,2106.0854,3762.6545,100.0,
,-1.0,3313.6177,7848.339,100.0,
,-1.0,2243.0159,3593.862,100.0,
,-1.0,6628.462,7907.0586,100.0,
,-1.0,3174.5046,3088.348,100.0,
,-1.0,213.88889,1118.4072,100.0,
,-1.0,2442.4207,3049.907,100.0,
,-1.0,7451.5186,9495.584,100.0,
,-1.0,925.4134,633.3971,100.0,
,-1.0,4531.757,4500.3696,100.0,
,-1.0,6397.771,3260.7222,100.0,
,-1.0,7121.104,6471.518,100.0,
,-1.0,5956.04,5951.7974,100.0,
,-1.0,1827.1608,3425.9045,100.0,
,-1.0,3978.7607,3014.8489,100.0,
,-1.0,584.64825,924.56757,100.0,
,-1.0,9302.96,8611.302,100.0,
,-1.0,9903.735,1144.1779,100.0,
,-1.0,110.526085,5702.904,100.0,
,-1.0,4121.8306,4063.7715,100.0,
,-1.0,2745.107,3140.568,100.0,
,-1.0,5711.942,4745.3784,100.0,
,-1.0,5984.048,8909.734,100.0,
,-1.0,436.0211,1190.1301,100.0,
,-1.0,1859.4402,7956.3457,100.0,
,-1.0,8082.9253,7979.6084,100.0,
,-1.0,9178.417,3637.3992,100.0,
,-1.0,3871.6482,2812.8928,100.0,
,-1.0,4687.2485,7133.3,100.0,
,-1.0,2786.3462,9726.421,100.0,
,-1.0,7139.8594,2495.2156,100.0,
,-1.0,1376.7015,2996.2207,100.0,
,-1.0,1183.4913,1154.4901,100.0,
,-1.0,4422.9663,5886.301,100.0,
,-1.0,5308.088,7374.751,100.0,
,-1.0,8628.404,5095.2466,100.0,
,-1.0,2498.5867,368.38232,100.0,
,-1.0,1742.8864,4193.9136,100.0,
,-1.0,4588.802,3621.794,100.0,
,-1.0,3601.4033,1925.2688,100.0,
,-1.0,4581.4463,2778.6792,100.0,
,-1.0,9122.884,5993.938,100.0,
,-1.0,2841.8052,9523.956,100.0,
,-1.0,1781.6615,2105.127,100.0,
,-1.0,7594.5605,6006.1436,100.0,
,-1.0,7141.402,6373.8555,100.0,
,-1.0,1587.4481,7051.7246,100.0,
,-1.0,8215.59,6825.539,100.0,
,-1.0,1196.3666,1786.9758,100.0,
,-1.0,9457.283,4214.0356,100.0,
,-1.0,2229.8008,2222.395,100.0,
,-1.0,1632.7214,1615.4653,100.0,
,-1.0,5873.083,210.19995,100.0,
,-1.0,1528.4758,6694.015,100.0,
,-1.0,5753.1514,1200.4846,100.0,
,-1.0,4991.6416,5814.326,100.0,
,-1.0,2191.6592,46.89753,100.0,
,-1.0,9099.441,8584.852,100.0,
,-1.0,6069.1387,1304.8458,100.0,
,-1.0,4972.635,8405.159,100.0,
,-1.0,3097.4365,987.03564,100.0,
,-1.0,841.15625,5260.9756,100.0,
,-1.0,9975.041,4461.851,100.0,
,-1.0,176.90361,2623.5676,100.0,
,-1.0,9194.569,3375.0015,100.0,
,-1.0,45.10462,9780.956,100.0,
,-1.0,6029.4165,4325.653,100.0,
,-1.0,4090.993,3329.5964,100.0,
,-1.0,3324.204,1122.8699,100.0,
,-1.0,4852.7856,8615.133,100.0,
,-1.0,559.5213,7280.671,100.0,
,-1.0,4236.4204,514.41016,100.0,
,-1.0,8694.882,3880.8025,100.0,
,-1.0,5144.811,7639.052,100.0,
,-1.0,1485.6302,1848.1005,100.0,
,-1.0,3348.3125,9510.925,100.0,
,-1.0,4321.5615,5256.8804,100.0,
,-1.0,6918.7637,9865.213,100.0,
,-1.0,9680.571,637.36084,100.0,
,-1.0,1913.184,3487.3252,100.0,
,-1.0,2594.133,4904.063,100.0,
,-1.0,1752.5441,9051.575,100.0,
,-1.0,3178.5012,3915.0667,100.0,
,-1.0,3944.841,6624.6367,100.0,
,-1.0,6423.237,3629.837,100.0,
,-1.0,9780.045,8803.866,100.0,
,-1.0,1705.1709,4108.2246,100.0,
,-1.0,9488.689,7014.309,100.0,
,-1.0,7600.6465,2334.5417,100.0,
,-1.0,9498.527,5079.6753,100.0,
,-1.0,7722.5757,6115.0117,100.0,
,-1.0,8018.58,6759.03,100.0,
,-1.0,3763.453,7547.218,100.0,
,-1.0,6682.192,1105.9039,100.0,
,-1.0,5464.165,9165.63,100.0,
,-1.0,6626.6333,3019.74,100.0,
,-1.0,8665.707,8603.238,100.0,
,-1.0,7693.986,7637.0986,100.0,
,-1.0,1282.4231,2157.365,100.0,
,-1.0,5705.343,7824.1074,100.0,
,-1.0,9338.162,4095.86,100.0,
,-1.0,9567.788,8210.739,100.0,
,-1.0,7038.8696,5882.1245,100.0,
,-1.0,2682.5393,6336.4614,100.0,
,-1.0,4156.187,8134.221,100.0,
,-1.0,375.669,8596.575,100.0,
,-1.0,3237.2344,2371.3755,100.0,
,-1.0,1293.6687,2986.4775,100.0,
,-1.0,7837.889,153.22148,100.0,
,-1.0,8600.029,1990.593,100.0,
,-1.0,133.73672,3702.5327,100.0,
,-1.0,9862.15,2363.6418,100.0,
,-1.0,2958.932,5546.0806,100.0,
,-1.0,9497.963,6670.24,100.0,
,-1.0,3154.136,42.486786,100.0,
,-1.0,7107.388,7106.818,100.0,
,-1.0,2697.4893,8228.296,100.0,
,-1.0,9775.309,806.03,100.0,
,-1.0,3605.3962,9448.123,100.0,
,-1.0,8111.3833,8152.981,100.0,
,-1.0,6212.2236,392.07877,100.0,
,-1.0,9280.3955,9915.673,100.0,
,-1.0,6890.5312,0.29563904,100.0,
,-1.0,6248.6694,3656.464,100.0,
,-1.0,6308.1436,9173.265,100.0,
,-1.0,9882.596,6050.3906,100.0,
,-1.0,8218.38,8216.882,100.0,
,-1.0,9120.666,1649.8243,100.0,
,-1.0,8859.63,4728.067,100.0,
,-1.0,7218.35,4219.104,100.0,
,-1.0,145.7864,6372.167,100.0,
,-1.0,7834.3486,8089.691,100.0,
,-1.0,4836.8936,9304.938,100.0,
,-1.0,567.4362,784.6671,100.0,
,-1.0,7197.842,5343.9727,100.0,
,-1.0,9326.463,6315.746,100.0,
,-1.0,8721.558,2297.2131,100.0,
,-1.0,9764.8,607.36536,100.0,
,-1.0,282.56537,8916.552,100.0,
,-1.0,858.35754,6148.236,100.0,
,-1.0,1599.0353,1975.0452,100.0,
,-1.0,5758.3755,4564.406,100.0,
,-1.0,7649.5894,86.43985,100.0,
,-1.0,4292.8076,859.1664,100.0,
,-1.0,3279.81,620.62024,100.0,
,-1.0,3190.8738,6740.126,100.0,
,-1.0,9738.133,9850.087,100.0,
,-1.0,5313.0625,8074.648,100.0,
,-1.0,5428.6777,6128.435,100.0,
,-1.0,9213.619,1060.1842,100.0,
,-1.0,2417.7336,4196.215,100.0,
,-1.0,9355.653,6300.557,100.0,
,-1.0,6870.481,9782.888,100.0,
,-1.0,2633.0698,434.0011,100.0,
,-1.0,6845.9326,5582.5283,100.0,
,-1.0,1702.3319,2211.0034,100.0,
,-1.0,2992.7903,6888.2705,100.0,
,-1.0,1445.7542,7573.231,100.0,
,-1.0,4450.281,1045.4911,100.0,
,-1.0,3912.8555,5098.8154,100.0,
,-1.0,3480.4773,4201.6836,100.0,
,-1.0,4834.9263,5570.0747,100.0,
,-1.0,2387.7668,273.58353,100.0,
,-1.0,2579.1306,3959.5615,100.0,
,-1.0,6494.0356,5707.245,100.0,
,-1.0,7782.3203,8047.7456,100.0,
,-1.0,8242.962,3468.5332,100.0,
,-1.0,9242.589,9565.347,100.0,
,-1.0,2842.9968,6170.3867,100.0,
,-1.0,2590.9622,3236.4143,100.0,
,-1.0,2696.8623,625.7093,100.0,
,-1.0,2240.47,8581.927,100.0,
,-1.0,707.7164,123.9115,100.0,
,-1.0,1820.0743,3681.4946,100.0,
,-1.0,5431.633,983.97253,100.0,
,-1.0,2233.0295,9292.435,100.0,
,-1.0,27.26674,2462.8633,100.0,
,-1.0,1400.7008,3457.1243,100.0,
,-1.0,2632.165,3826.927,100.0,
,-1.0,3212.5193,8813.267,100.0,
,-1.0,5798.1343,5663.177,100.0,
,-1.0,1030.7283,7736.224,100.0,
,-1.0,4103.5317,9561.666,100.0,
,-1.0,9906.099,9822.459,100.0,
,-1.0,1217.8552,7789.4395,100.0,
,-1.0,1340.5907,5359.5225,100.0,
,-1.0,4244.1616,3057.7332,100.0,
,-1.0,658.6874,768.15845,100.0,
,-1.0,4859.6885,4920.015,100.0,
,-1.0,3776.0007,3649.475,100.0,
,-1.0,3897.7378,9598.169,100.0,
,-1.0,2118.082,7284.5127,100.0,
,-1.0,878.87823,1393.1328,100.0,
,-1.0,9661.634,6130.978,100.0,
,-1.0,9452.535,7476.1533,100.0,
,-1.0,8343.489,4114.6313,100.0,
,-1.0,7628.0083,1365.4828,100.0,
,-1.0,9489.777,8049.346,100.0,
,-1.0,1465.1125,264.8872,100.0,
,-1.0,2319.9553,6224.9937,100.0,
,-1.0,7998.397,5575.2046,100.0,
,-1.0,2120.5288,1616.99,100.0,
,-1.0,7555.9805,6095.0103,100.0,
,-1.0,2285.0173,4992.9463,100.0,
,-1.0,4306.4507,7914.0776,100.0,
,1.0,2773.7766,3358.0625,217.85951,
,1.0,8760.198,358.73114,232.16666,
,1.0,7439.097,3552.1602,278.24127,
,1.0,894.4845,7465.465,214.57639,
,1.0,2655.7017,5953.262,255.8303,
,1.0,2744.4846,2495.904,318.40826,
,1.0,2559.0408,1012.9368,369.34402,
,1.0,8275.212,7641.816,213.82437,
,1.0,3794.946,4484.381,391.61798,
,1.0,1576.0005,3305.8054,207.49449,
,1.0,7741.9854,3149.3206,341.14136,
,1.0,4247.7275,5535.713,384.2843,
,1.0,170.4049,6757.034,248.83646,
,1.0,2750.7866,8359.786,358.93002,
,1.0,6915.192,898.3606,342.1779,
,1.0,4969.593,6113.944,358.1919,
,1.0,109.018684,4788.3623,215.42293,
,1.0,5889.1987,8798.958,350.43225,
,1.0,7832.4956,7765.697,333.8955,
,1.0,547.72375,4009.4578,373.46765,
,1.0,6856.746,470.1376,217.27026,
,1.0,3448.3193,8166.885,373.11185,
,1.0,6061.515,2753.1523,221.8595,
,1.0,7321.6494,7050.228,304.1693,
,1.0,8959.847,2676.2432,350.42633,
,1.0,371.8859,9258.263,240.50229,
,1.0,5014.5386,8300.541,333.48956,
,1.0,5221.101,80.56342,347.3792,
,1.0,5954.2847,1521.9152,304.92444,
,1.0,7885.634,6714.9663,391.4173,
,1.0,1150.7397,5531.137,246.69142,
,1.0,6569.956,9614.387,293.68106,
,1.0,2183.491,8060.1577,398.60547,
,1.0,7044.0557,6978.5664,387.4759,
,1.0,7611.038,8622.298,297.0124,
,1.0,5624.6436,356.55795,338.92535,
,1.0,4894.8203,7929.5093,334.49033,
,1.0,7299.7163,2248.1328,356.37585,
,1.0,376.71744,9849.507,319.87885,
,1.0,9932.54,9740.97,394.85367,
,1.0,7972.014,83.16875,325.55338,
,1.0,6612.7783,6569.227,271.97272,
,1.0,7484.9136,3619.2185,342.73615,
,1.0,9073.281,5435.146,302.88293,
,1.0,7332.6147,8812.542,230.706,
,1.0,5854.531,6588.594,349.1565,
,1.0,773.02454,7052.955,387.51862,
,1.0,9645.975,7791.442,248.36116,
,1.0,9962.346,752.2452,309.3678,
,1.0,8486.491,5062.085,369.5183,
,1.0,8413.503,2945.1443,219.20808,
,1.0,8474.326,6994.462,383.18027,
,1.0,4298.227,2686.1865,332.50327,
,1.0,9811.593,4332.399,243.83397,
,1.0,5462.6245,8317.298,358.0509,
,1.0,7249.7334,6141.46,385.93765,
,1.0,2952.8833,9876.834,248.12842,
,1.0,185.77338,8848.748,207.31995,
,1.0,4572.703,4551.9434,222.4304,
,1.0,9393.333,2644.5686,285.91138,
,1.0,9056.971,4767.2017,361.11475,
,1.0,6229.935,8751.641,278.15988,
,1.0,3666.6316,8025.688,281.94257,
,1.0,4309.3413,2576.722,336.87164,
,1.0,8466.527,8556.365,282.08344,
,1.0,9670.804,680.51935,280.5621,
,1.0,5975.0073,9180.171,355.7757,
,1.0,785.175,5281.825,207.98059,
,1.0,2137.744,1966.93,269.11084,
,1.0,7435.403,1586.6804,329.06506,
,1.0,7586.866,2574.3257,304.3149,
,1.0,2773.8225,8587.661,242.3977,
,1.0,5732.349,9993.241,329.05063,
,1.0,92.05163,7474.078,326.31094,
,1.0,1231.007,6247.0947,230.60529,
,1.0,9719.605,1119.4205,272.2496,
,1.0,8320.25,9372.231,272.09354,
,1.0,829.25793,1890.4126,374.2834,
,1.0,3021.0232,9875.935,365.9254,
,1.0,4852.3887,5803.6406,245.75275,
,1.0,4449.1143,7628.5767,392.66986,
,1.0,9644.531,613.27875,218.15628,
,1.0,2466.8198,3026.3286,277.62866,
,1.0,8213.81,3936.4785,264.78665,
,1.0,6128.419,1829.7631,260.28278,
,1.0,9123.712,5502.666,308.4016,
,1.0,9250.921,6128.063,359.3573,
,1.0,3672.2744,8895.214,317.2661,
,1.0,4922.3926,1506.1217,283.0282,
,1.0,9567.333,4822.1997,203.50908,
,1.0,2630.291,2655.8567,279.86166,
,1.0,7755.1187,2394.8013,258.2939,
,1.0,2575.0674,8750.981,301.48734,
,1.0,3797.024,1586.2996,362.3037,
,1.0,8363.436,4899.6323,247.46712,
,1.0,2044.0715,9298.38,209.2036,
,1.0,8833.017,4365.5547,387.8094,
,1.0,878.93304,9506.851,358.01102,
,1.0,1756.7045,2341.349,247.61221,
,1.0,4255.2974,2516.4485,238.01508,
,1.0,1537.6282,9444.691,279.96213,
,1.0,4453.4243,5947.5894,249.3924,
,1.0,4720.381,9262.949,320.08408,
,1.0,7412.872,1077.6698,314.18744,
,1.0,9998.145,9249.484,249.50497,
,1.0,5175.1187,7722.689,377.8021,
,1.0,6040.137,1139.2188,234.24246,
,1.0,3023.4944,8596.996,322.40274,
,1.0,3217.0332,160.9081,267.4093,
,1.0,8853.169,2592.0344,230.13428,
,1.0,1787.6959,559.7627,302.65268,
,1.0,6512.9824,8145.302,323.86633,
,1.0,9027.214,379.24527,340.35455,
,1.0,6740.22,2622.3982,370.43115,
,1.0,1769.4825,6908.9614,238.526,
,1.0,9878.151,2948.4553,390.55093,
,1.0,2645.632,5132.684,348.38928,
,1.0,5965.998,7438.7397,236.95312,
,1.0,3370.915,891.49835,351.10986,
,1.0,8753.59,8712.745,381.56775,
,1.0,2333.635,9373.103,338.98328,
,1.0,5338.5435,4416.896,255.24008,
,1.0,738.8854,7922.474,291.87482,
,1.0,7125.0767,6847.228,367.67368,
,2.0,8271.648,7432.4717,131.50478,
,2.0,6461.5376,9115.841,50.847282,
,2.0,8718.174,3111.3413,139.58923,
,2.0,8755.631,3010.0032,67.30248,
,2.0,8738.714,2943.3357,70.25837,
,2.0,982.5959,9305.712,93.18874,
,2.0,1057.9397,9297.653,58.265255,
,2.0,1147.4397,9312.894,112.911575,
,2.0,1265.0842,9215.557,142.94635,
,2.0,1377.1874,9235.894,73.37909,
,2.0,1452.3518,9317.996,149.24657,
,2.0,3501.8337,1128.4,150.34845,
,2.0,5562.317,5397.4395,105.27426,
,2.0,2783.1423,8763.113,66.682465,
,2.0,387.82953,9649.079,109.40213,
,2.0,6506.367,9098.967,153.80444,
,2.0,249.56946,7602.6465,151.22742,
,2.0,185.80302,7463.2554,151.61238,
,2.0,130.33026,7317.008,139.27197,
,2.0,159.23578,7163.962,164.52002,
,2.0,217.63712,7009.364,142.23193,
,2.0,305.61804,6959.8135,59.717278,
,2.0,4441.125,4087.6794,79.13172,
,2.0,7811.204,795.0324,177.15591,
,2.0,3861.2068,7897.943,163.94012,
,2.0,4577.88,7336.0923,161.52954,
,2.0,4687.3477,7244.479,115.79483,
,2.0,4746.7236,7114.0796,170.76776,
,2.0,4393.6094,6855.2554,88.98456,
,2.0,9334.156,7420.643,60.67655,
,2.0,2707.3396,5688.6396,178.14494,
,2.0,4529.1064,1277.4938,140.71912,
,2.0,8276.023,172.31285,150.57262,
,2.0,2344.3413,774.37994,95.13521,
,2.0,5678.3755,8968.519,122.44059,
,2.0,5789.725,8941.246,106.56978,
,2.0,5960.394,8969.079,188.69453,
,2.0,6058.003,8813.889,129.24368,
,2.0,6214.347,8862.351,156.48943,
,2.0,6356.6235,8765.69,187.51979,
,2.0,2509.1875,9980.788,63.066685,
,2.0,6093.6255,4041.6616,102.88298,
,2.0,8758.904,3922.3438,95.00653,
,2.0,8869.531,3901.8787,128.85123,
,2.0,8989.688,3887.6785,85.98988,
,2.0,9075.905,3803.8044,124.73392,
,2.0,9023.87,3648.179,169.81148,
,2.0,9111.762,3504.0483,163.7743,
,2.0,9195.5625,3352.636,151.29562,
,2.0,9190.732,3204.5647,112.68245,
,2.0,9078.292,3139.0037,143.35252,
,2.0,8978.862,2998.2803,193.98251,
,2.0,8845.477,2881.6506,153.78653,
,2.0,8708.362,2797.7185,150.68585,
,2.0,8576.072,2825.453,103.97575,
,2.0,8471.464,2727.6538,138.40016,
,2.0,8364.034,2770.9075,83.1906,
,2.0,8229.77,2723.854,194.05898,
,2.0,8101.002,2726.301,63.52327,
,2.0,1322.6953,1278.6062,69.64841,
,2.0,1355.7236,1370.9852,90.639786,
,2.0,1301.6462,1428.6893,67.52622,
,2.0,10138.375,8753.232,61.91389,
,2.0,10076.064,8712.204,67.02611,
,2.0,9979.966,8723.495,109.44261,
,2.0,9878.365,8832.355,188.37079,
,2.0,5438.4233,8006.62,103.87368,
,2.0,5315.4556,8032.176,147.31693,
,2.0,4989.2656,6161.3364,56.84386,
,2.0,5005.688,6269.848,154.13889,
,2.0,4985.219,6428.665,153.95114,
,2.0,4889.769,6526.3013,106.26343,
,2.0,4872.6904,6610.355,65.25059,
,2.0,4858.5547,6695.137,106.65402,
,2.0,3075.2476,6432.0796,54.62927,
,2.0,3007.2603,6395.8896,79.77846,
,2.0,2910.3584,6419.2344,113.52612,
,2.0,2826.967,6463.614,66.112465,
,2.0,2808.097,6551.9365,97.98534,
,2.0,2696.088,6596.1714,117.656235,
,2.0,2650.268,6708.1313,124.290054,
,2.0,5679.8804,8005.8364,191.00426,
,2.0,5555.4297,7931.2456,73.22042,
,2.0,5415.1753,7959.0166,194.5069,
,2.0,5310.8613,8050.825,82.5829,
,2.0,5213.7173,8141.016,176.45645,
,2.0,5156.1523,8250.674,71.24193,
,2.0,2254.8777,4706.5776,168.22339,
,2.0,2228.528,4584.3193,81.136475,
,2.0,2221.673,4456.3613,175.14635,
,2.0,8412.553,9263.142,150.14848,
,2.0,6281.798,8322.746,60.69436,
,2.0,1805.8795,403.319,124.86973,
,2.0,4790.9976,8867.5205,189.98567,
,2.0,4664.2095,9023.66,158.67491,
,2.0,4706.0747,9155.987,118.90655,
,2.0,4746.002,9292.915,166.24097,
,2.0,4814.5967,9428.523,127.73134,
,2.0,4814.199,9523.557,62.337376,
,2.0,2226.6985,5729.6934,187.24146,
,2.0,3330.2974,5687.2935,119.857124,
,2.0,8859.214,6559.2314,193.74504,
,2.0,3257.9036,50.461292,89.8766,
,2.0,3701.3662,1379.947,111.236404,
,2.0,8010.2397,2429.557,72.57717,
,2.0,6969.5835,7239.475,91.421524,
,2.0,2655.8286,108.79139,137.73047,
,2.0,2759.738,90.41418,70.59082,
,2.0,2865.0369,84.60483,128.94826,
,2.0,2943.9915,141.70479,56.16142,
,2.0,3042.414,161.23236,128.94302,
,2.0,3126.4705,105.30605,63.028206,
,2.0,3196.0164,89.84167,58.593117,
,2.0,3309.4426,149.59004,164.47247,
,2.0,3390.8965,304.7516,157.84175,
,2.0,3379.6758,418.79944,59.008415,
,2.0,3336.5977,473.5586,74.82702,
,2.0,3233.8447,520.3128,150.95279,
,2.0,8549.28,9963.561,189.40714,
,2.0,1963.0194,390.2042,62.713455,
,2.0,6346.036,442.96085,147.56226,
,2.0,3196.131,8428.9375,102.58969,
,2.0,5983.973,2225.524,120.406815,
,2.0,6093.455,2193.1458,79.50217,
,2.0,6151.7393,2105.8044,97.61976,
,2.0,6090.638,1977.832,185.77477,
,2.0,6053.2646,1787.6989,179.76646,
,2.0,5857.538,1687.4734,186.92615,
,2.0,5867.0825,1557.395,68.06941,
,2.0,5839.7466,1470.9075,111.45966,
,2.0,5772.13,1359.7805,148.68655,
,2.0,5712.7163,1234.4823,125.439964,
,2.0,5601.137,1130.7571,174.54301,
,2.0,5547.472,934.45953,185.06116,
,2.0,5407.8423,870.3077,122.26225,
,2.0,9210.421,4325.0005,82.42474,
,2.0,9883.876,7133.883,56.89012,
,2.0,783.7039,2516.0432,93.945114,
,2.0,8405.053,4452.268,171.8466,
,2.0,3358.4172,9573.648,134.52116,
,2.0,477.97382,3977.5068,178.32947,
,2.0,2643.686,9831.313,150.12112,
,2.0,2494.7266,9843.128,141.23932,
,2.0,2333.045,9790.075,199.08727,
,2.0,6955.642,231.33151,154.1168,
,2.0,6815.093,207.44142,95.81601,
,2.0,6750.307,347.6917,174.53235,
,2.0,6634.4014,386.24362,69.472,
,2.0,6542.493,387.78308,104.070786,
,2.0,6420.023,467.28015,187.94795,
,2.0,3704.0962,3578.4353,66.308464,
,2.0,3443.185,3603.007,131.43188,
,2.0,6133.3887,2143.3162,117.78518,
,2.0,7101.083,6226.0933,104.64252,
,2.0,6954.1846,6297.295,191.93245,
,2.0,6767.0103,6194.8184,192.10896,
,2.0,6595.158,6273.793,177.51143,
,2.0,6410.6514,6237.967,158.88791,
,2.0,6267.305,6303.78,126.13557,
,2.0,6256.8174,6471.854,180.68121,
,2.0,6175.11,6580.1685,79.266495,
,2.0,6058.025,6597.3965,149.15746,
,2.0,5928.9775,6642.825,91.58383,
,2.0,5911.4165,6716.23,59.36868,
,2.0,1128.2677,1565.6603,160.33614,
,2.0,7519.1245,4106.478,136.46127,
,2.0,5731.518,3474.5305,173.43042,
,2.0,9758.318,1224.8468,59.72163,
,2.0,8042.7627,6977.205,181.13818,
,2.0,515.424,6295.7324,187.01445,
,2.0,1470.815,2064.209,184.9522,
,2.0,1481.5724,9479.104,76.71492,
,2.0,3476.29,3758.067,125.25316,
,2.0,3219.4287,1653.1074,58.739136,
,2.0,3243.0159,3664.593,115.814156,
,2.0,3239.7224,3830.8438,185.06346,
,2.0,3335.8552,3947.5076,116.89971,
,2.0,3401.3337,4047.2163,105.241974,
,2.0,3519.2842,4085.545,142.80182,
,2.0,2750.3247,3293.1978,132.66687,
,2.0,2632.33,1156.9392,116.32545,
,2.0,5405.619,1963.5968,97.22697,
,2.0,5407.007,1885.1477,59.69596,
,2.0,5894.8003,4139.13,114.91688,
,2.0,3309.4277,1249.2018,99.99208,
,2.0,3368.402,1368.0151,160.97241,
,2.0,3405.6577,1503.9741,116.00822,
,2.0,3397.7815,1588.5115,53.746,
,2.0,3362.7563,1675.5624,101.474976,
,2.0,3406.7903,1823.6248,151.23175,
,2.0,3549.429,1861.3623,142.85596,
,2.0,3672.0586,1878.1501,104.490295,
,2.0,3820.6472,1904.8158,192.25372,
,2.0,3953.5708,1905.8763,61.215763,
,2.0,4034.047,1837.2673,150.28954,
,2.0,938.4072,7170.42,73.13215,
,2.0,864.0416,7181.1797,56.076653,
,2.0,852.83276,7249.5527,71.54982,
,2.0,711.25977,7307.7256,189.13948,
,2.0,692.9007,7501.9385,176.20753,
,2.0,590.2875,7614.86,128.9528,
,2.0,1337.7112,5776.589,102.96935,
,2.0,1220.9991,5696.0684,162.53497,
,2.0,1124.7289,5561.2607,130.28197,
,2.0,1201.7944,5429.0625,151.17404,
,2.0,1199.4071,5261.326,171.51039,
,2.0,1145.7596,5099.0654,153.73083,
,2.0,1062.599,5026.5576,66.582886,
,2.0,975.2993,4925.5503,178.04836,
,2.0,816.44934,4895.222,145.20406,
,2.0,691.9028,4833.6514,110.21416,
,2.0,581.0995,4843.05,93.65367,
,2.0,530.8473,4899.2783,57.17009,
,2.0,3723.3083,9397.163,142.03146,
,2.0,3879.0332,576.91064,66.562614,
,2.0,4000.997,623.3592,186.61937,
,2.0,4091.7947,748.0031,93.74112,
,2.0,4178.8423,759.3586,79.72635,
,2.0,4312.0806,683.5607,162.52502,
,2.0,4453.661,738.6456,107.56398,
,2.0,4467.4307,828.3847,69.94517,
,2.0,4553.8213,931.4065,192.35448,
,2.0,4582.846,1074.1864,82.50786,
,2.0,4725.7505,1121.123,172.52502,
,2.0,4768.0767,1233.2426,66.6062,
,2.0,4783.3047,1302.942,76.08098,
,2.0,3759.0146,2648.9568,174.7843,
,2.0,3082.0657,7520.833,58.701855,
,2.0,9539.801,5339.9614,124.6574,
,2.0,9636.1875,5420.9126,116.7757,
,2.0,9691.968,5510.388,78.54603,
,2.0,9635.164,5641.58,189.66129,
,2.0,9663.881,5830.4595,192.4383,
,2.0,8512.587,8244.319,99.07336,
,2.0,5272.902,5721.8325,177.47318,
,2.0,8287.34,8839.157,78.86099,
,2.0,8351.705,8770.245,105.567856,
,2.0,8461.854,8663.403,158.54013,
,2.0,8595.586,8694.134,112.82426,
,2.0,8723.076,8687.091,142.53989,
,2.0,8862.267,8701.955,126.93421,
,2.0,8962.686,8661.2,89.81334,
,2.0,6751.525,3673.1565,173.65204,
,2.0,6529.2573,6194.6797,65.49592,
,2.0,590.04846,4359.0137,95.567856,
,2.0,763.0599,9253.809,147.69626,
,2.0,6080.293,9998.27,156.11664,
,2.0,6245.039,9917.42,166.23297,
,2.0,6281.2373,9772.041,133.11913,
,2.0,6312.9995,9675.068,60.27368,
,2.0,6202.6567,9559.286,190.30806,
,2.0,6273.7207,9430.936,81.19867,
,2.0,6263.915,9360.194,50.070675,
,2.0,6189.089,9305.179,135.67792,
,2.0,4760.5107,1590.8599,130.62535,
,2.0,6832.2827,9180.98,126.40788,
,2.0,6870.348,8389.971,71.871025,
,2.0,6795.3022,8388.066,59.377136,
,2.0,6764.308,8341.623,52.29462,
,2.0,8353.772,3160.5076,112.189995,
,2.0,8227.228,3255.443,190.81606,
,2.0,8178.436,3374.1023,63.309113,
,2.0,8126.121,3427.3123,84.80132,
,2.0,8086.074,3494.3506,71.08929,
,2.0,8045.6465,3554.479,73.168564,
,2.0,7998.9243,3604.04,63.055813,
,2.0,7109.277,5692.31,65.29116,
,2.0,7035.6367,5714.8267,84.477974,
,2.0,6958.325,5833.837,162.7127,
,2.0,6823.977,5863.163,109.9482,
,2.0,6680.3364,5858.771,177.46758,
,2.0,5685.21,2489.505,167.06067,
,2.0,5566.7173,2461.0747,76.650925,
,2.0,1570.4805,6702.0537,59.943413,
,2.0,2955.0356,973.2705,93.49259,
,2.0,5997.314,5634.8706,175.4249,
,2.0,7702.181,2664.9604,145.94304,
,2.0,7809.491,2723.5557,91.39122,
,2.0,7911.1016,2829.2603,192.16103,
,2.0,7961.883,2961.784,91.623924,
,2.0,8044.806,3068.959,129.76102,
,2.0,8011.251,3154.3108,52.663567,
,2.0,7959.422,3227.9668,127.3957,
,2.0,7873.0483,3362.5447,192.42706,
,2.0,2494.2866,1117.0596,97.40126,
,2.0,2446.0608,1009.77576,106.747826,
,2.0,2473.0198,894.4112,94.38191,
,2.0,2621.2864,894.9025,165.00378,
,2.0,2717.6702,787.7412,123.24952,
,2.0,2812.767,697.02856,136.61206,
,2.0,2899.5288,587.2081,137.38298,
,2.0,2968.0518,449.04953,160.71526,
,2.0,2970.577,299.47876,138.46887,
,2.0,-256.6362,4116.5005,184.46884,
,2.0,-80.45975,4190.866,197.9664,
,2.0,61.719913,4250.1367,109.998856,
,2.0,200.10004,4344.574,194.51257,
,2.0,384.25864,4324.1685,176.05887,
,2.0,7187.4233,4288.758,110.054306,
,2.0,2328.2126,4416.6836,58.710617,
,2.0,2297.064,4508.4097,135.03058,
,2.0,7273.1997,10295.794,159.88565,
,2.0,7242.2393,10100.033,196.30997,
,2.0,7111.379,10035.185,74.47244,
,2.0,7055.769,9932.555,139.64465,
,2.0,7085.743,9825.745,77.80212,
,2.0,7071.387,9706.182,163.0422,
,2.0,5978.085,7553.0664,145.22137,
,2.0,812.5079,118.87968,117.63112,
,2.0,1675.9429,5045.6235,50.409325,
,2.0,1657.8461,5132.192,118.92131,
,2.0,1577.1699,5234.442,141.56854,
,2.0,2372.012,6526.415,96.14328,
,2.0,2280.4827,6514.385,70.34761,
,2.0,2244.2334,6459.716,60.842194,
,2.0,8698.255,842.26965,62.526016,
,2.0,6387.9233,1984.9567,114.95701,
,2.0,6283.1416,1902.1995,113.49375,
,2.0,6302.9336,1748.3252,196.43275,
,2.0,6275.425,1579.0905,112.68668,
,2.0,6337.3477,1512.0256,69.874214,
,2.0,1185.018,7070.4688,88.941666,
,2.0,1265.2296,7142.7495,127.00614,
,2.0,3271.5684,1230.1082,137.26897,
,2.0,3482.1567,769.5468,83.9453,
,2.0,3550.589,738.9128,59.943886,
,2.0,3578.4363,664.8251,82.8911,
,2.0,3670.7944,620.0546,122.38388,
,2.0,2802.5232,3602.5708,124.79839,
,2.0,2715.6147,3673.8425,91.78366,
,2.0,2574.206,3694.596,193.57365,
,2.0,2450.3777,3712.8127,50.144196,
,2.0,2379.759,3766.0803,125.823235,
,2.0,2287.6362,3893.94,180.85683,
,2.0,2132.848,3996.8086,190.49342,
,2.0,1985.4178,4050.5576,106.49954,
,2.0,1884.2448,4164.002,186.8144,
,2.0,1798.7844,4325.645,156.46484,
,2.0,1811.1562,4466.791,124.63536,
,2.0,1864.5336,4589.1777,138.9156,
,2.0,1882.1931,4719.5674,124.24432,
,2.0,1725.7496,452.66104,77.31871,
,2.0,1692.1327,375.66336,72.24391,
,2.0,1581.4877,342.1724,158.96143,
,2.0,2998.423,4388.97,165.98083,
,2.0,4406.4634,5992.861,55.08121,
,2.0,8430.888,5980.9004,135.52524,
,2.0,2527.4165,5652.2524,136.17819,
,2.0,2542.635,5764.8696,67.93337,
,2.0,2632.77,5811.511,135.0422,
,2.0,9702.693,1228.8517,73.39142,
,2.0,4602.6943,2298.2664,197.43805,
,2.0,6726.6035,7105.3423,81.544754,
,2.0,7493.296,3720.1755,163.52249,
,2.0,7483.424,3580.6953,116.135925,
,2.0,1767.5975,9037.707,125.138885,
,2.0,1674.9504,9030.829,59.442226,
,2.0,1556.0546,9019.906,165.73051,
,2.0,1440.2878,8873.608,152.57318,
,2.0,1319.961,8907.329,85.85793,
,2.0,1218.0021,8894.046,107.499855,
,2.0,1149.7046,8790.984,110.60822,
,2.0,1046.3496,8765.073,95.219864,
,2.0,957.9993,8764.922,62.478287,
,2.0,894.6353,8848.09,146.63455,
,2.0,2274.2307,8898.308,106.42465,
,2.0,6381.795,8267.687,127.42965,
,2.0,1453.0223,8337.968,196.696,
,2.0,4707.419,7781.593,131.37398,
,2.0,4777.1104,7919.89,178.35551,
,2.0,936.37366,9472.324,62.108234,
,2.0,868.02423,9384.012,161.23657,
,2.0,4466.396,1814.6337,70.875885,
,2.0,1004.8884,68.01605,173.28876,
,2.0,2507.4214,8560.835,110.32797,
,2.0,6173.0947,3591.1255,97.195435,
,2.0,6240.016,3628.186,52.361908,
,2.0,6333.6724,3605.1218,111.76734,
,2.0,6423.1245,3650.1067,71.738014,
,2.0,6426.341,3751.4526,109.881065,
,2.0,6503.1733,3883.2864,158.86478,
,2.0,6676.063,3918.2966,193.93271,
,2.0,917.7315,5874.9814,159.66943,
,2.0,2723.7158,8902.408,66.146545,
,2.0,9390.315,372.96832,183.18027,
,2.0,4056.965,3932.8462,59.399773,
,2.0,2091.3499,7277.214,163.07166,
,2.0,2379.557,1922.4,112.00096,
,2.0,1469.2032,9593.783,171.21735,
,2.0,6339.8105,8667.809,70.329796,
,2.0,8852.734,7391.439,81.39441,
,2.0,229.8229,6466.581,58.810833,
,2.0,173.01321,6436.7793,69.49342,
,2.0,1584.857,10.658503,74.76518,
,2.0,9774.439,6444.7393,89.80308,
,2.0,9746.751,6517.76,66.38487,
,2.0,54.795147,2977.892,141.7237,
,2.0,8975.202,6749.1694,143.0116,
,2.0,4408.3784,-27.780993,93.168205,
,2.0,4482.428,23.358463,86.81677,
,2.0,2785.3357,2573.315,189.74094,
,2.0,9647.287,3723.2227,135.355,
,2.0,9864.409,3130.0527,196.24124,
,2.0,676.7219,7379.706,109.11371,
,2.0,2430.9807,4287.5273,71.55224,
,2.0,4956.473,2133.7275,187.58252,
,2.0,8937.493,4061.9219,99.0325,
,2.0,5775.8345,1793.4644,122.1211,
,2.0,5916.966,1743.3336,176.58038,
,2.0,6038.847,1716.2913,73.10987,
,2.0,6447.86,6615.245,186.3926,
,2.0,7873.205,1517.03,169.05383,
,3.0,790.20856,7287.404,100.0,
,3.0,2739.7769,7012.7197,100.0,
,3.0,7368.558,3871.5278,100.0,
,3.0,6373.0996,4788.334,100.0,
,3.0,912.4416,1568.7931,100.0,
,3.0,2842.241,6611.1772,100.0,
,3.0,7310.156,4086.685,100.0,
,3.0,4343.424,1693.5706,100.0,
,3.0,810.9766,8459.764,100.0,
,3.0,7610.878,6547.2954,100.0,
,3.0,3766.4211,5232.6475,100.0,
,3.0,8803.097,5911.1655,100.0,
,3.0,4028.8848,2917.083,100.0,
,3.0,1251.3226,1281.2162,100.0,
,3.0,3626.2144,8121.1274,100.0,
,3.0,4500.4546,7823.447,100.0,
,3.0,187.85239,4855.3135,100.0,
,3.0,2227.5876,5122.075,100.0,
,3.0,690.27185,178.36868,100.0,
,3.0,2014.3533,5046.671,100.0,
,3.0,4020.0078,1336.9209,100.0,
,3.0,9945.302,8245.592,100.0,
,3.0,8381.431,6693.963,100.0,
,3.0,7381.1377,9908.4795,100.0,
,3.0,3119.5366,8375.55,100.0,
,3.0,9694.312,1785.956,100.0,
,3.0,3657.713,5071.0435,100.0,
,3.0,7343.19,5590.2646,100.0,
,3.0,7195.1675,4707.493,100.0,
,3.0,7393.9263,8187.615,100.0,
,3.0,4953.287,6722.939,100.0,
,-1.0,1081.6442,755.0925,46.889606,
,-1.0,1110.6799,785.943,36.15881,
,-1.0,1143.1821,796.8639,30.624481,
,-1.0,1197.2566,825.70325,82.6149,
,-1.0,1241.2786,896.72876,82.37575,
,-1.0,1271.3883,970.6805,74.24431,
,-1.0,1291.5281,1039.458,50.649315,
,-1.0,1258.7802,1102.4103,78.954094,
,-1.0,1199.4857,1127.8755,50.05072,
,-1.0,1154.8319,1158.6202,45.92266,
,-1.0,1097.2727,1140.3962,74.76662,
,-1.0,1020.4001,1099.5198,84.38797,
,-1.0,947.6907,1128.1118,67.29962,
,-1.0,881.3656,1131.9326,62.28785,
,-1.0,809.292,1080.132,93.39594,
,-1.0,731.1317,1082.9539,49.99581,
,-1.0,698.11316,1137.1503,73.16959,
,-1.0,649.46454,1194.9902,60.031,
,-1.0,587.6125,1181.7322,61.78836,
,-1.0,515.115,1195.653,84.676056,
,-1.0,435.77252,1252.1956,95.49901,
,-1.0,341.73404,1262.7928,84.227264,
,-1.0,279.73514,1238.1594,47.359188,
,-1.0,246.80092,1206.0032,43.997166,
,-1.0,202.941,1164.8002,69.87066,
,-1.0,138.11499,1142.6449,64.077866,
,-1.0,7972.7217,6991.574,72.761536,
,-1.0,8030.8555,7041.643,80.68411,
,-1.0,8077.6035,7110.362,63.37848,
,-1.0,8127.907,7103.353,35.716125,
,-1.0,8162.121,7115.3184,36.604103,
,-1.0,8216.74,7109.9214,56.161507,
,-1.0,1031.4567,1634.5428,82.01021,
,-1.0,1073.1316,1675.1952,33.523518,
,-1.0,6531.6333,7750.8623,64.379944,
,-1.0,6599.6357,7759.626,68.788086,
,-1.0,6670.8135,7728.5493,83.159904,
,-1.0,5753.5664,4905.0405,88.44853,
,-1.0,5663.948,4939.6714,88.15194,
,-1.0,5624.626,5019.5947,89.86827,
,-1.0,5590.4453,5070.8853,32.10121,
,-1.0,5554.8804,5125.182,80.88017,
,-1.0,5571.698,5196.7007,65.98044,
,-1.0,8782.053,1978.9735,73.95586,
,-1.0,8850.667,1977.7744,59.45977,
,-1.0,10421.17,695.33435,68.80121,
,-1.0,10401.518,622.2334,71.46005,
,-1.0,10335.198,583.2589,80.35722,
,-1.0,10294.009,536.50323,43.889328,
,-1.0,10251.547,470.77002,93.24809,
,-1.0,10169.943,440.83136,71.1118,
,-1.0,10108.389,474.2124,54.762047,
,-1.0,10060.964,444.61588,49.926872,
,-1.0,10006.446,441.75928,56.04882,
,-1.0,9948.925,464.25552,67.467735,
,-1.0,9900.069,486.17065,38.58519,
,-1.0,9861.268,495.68558,40.35856,
,-1.0,9794.125,474.08875,85.36487,
,-1.0,9729.048,524.47,66.77725,
,-1.0,9677.087,514.36206,36.00702,
,-1.0,8445.858,7718.2153,52.86711,
,-1.0,8487.47,7707.2954,30.81372,
,-1.0,8513.233,7688.688,31.99234,
,-1.0,951.7944,2457.1445,37.146084,
,-1.0,938.5588,2422.5999,35.14316,
,-1.0,907.37744,2377.1033,72.29845,
,-1.0,848.6648,2348.7778,52.315235,
,-1.0,832.3746,2296.4907,42.900345,
,-1.0,775.0444,2261.377,79.047806,
,-1.0,702.93616,2278.6238,68.05119,
,-1.0,645.1046,2270.5251,43.925537,
,-1.0,584.8452,2287.4092,78.03997,
,-1.0,522.9695,2363.512,99.407745,
,-1.0,440.7623,2384.126,65.90346,
,-1.0,377.9408,2383.9006,53.330513,
,-1.0,338.9283,2350.3267,47.28802,
,-1.0,2933.6958,2696.243,83.80875,
,-1.0,2836.2437,2736.6973,91.12418,
,-1.0,2789.5503,2696.9358,31.47779,
,-1.0,2735.3499,2674.4468,76.88414,
,-1.0,2662.8804,2609.62,90.616425,
,-1.0,2679.1206,2546.0227,33.456795,
,-1.0,2667.2148,2513.8113,33.13788,
,-1.0,2645.4944,2487.2717,34.388203,
,-1.0,2610.1907,2446.8953,61.756866,
,-1.0,2556.9426,2438.779,45.35842,
,-1.0,2511.3506,2449.4705,43.056427,
,-1.0,2457.9026,2441.3296,57.552704,
,-1.0,7690.2476,1836.2217,73.52043,
,-1.0,7622.1416,1856.9475,54.739662,
,-1.0,7580.863,1817.897,51.64344,
,-1.0,1774.5002,5164.9814,65.91997,
,-1.0,5946.751,3557.6255,89.18612,
,-1.0,6018.1313,3490.6777,80.02727,
,-1.0,5991.1562,3412.2493,78.53186,
,-1.0,6015.792,3352.1714,40.069653,
-,-1.0,8191.6416,-364.80994,41.417854,
-,-1.0,8158.1787,-332.40466,46.21099,
-,-1.0,8154.4478,-285.9431,44.946938,
,-1.0,8100.907,-228.27875,93.15987,
,-1.0,8102.878,-155.64766,51.643547,
,-1.0,8108.6846,-114.98543,30.132526,
,-1.0,8150.9536,-58.74548,92.30083,
,-1.0,8147.767,34.447575,88.670685,
,-1.0,8753.376,8757.382,72.63928,
,-1.0,8733.105,8695.469,53.55606,
,-1.0,8686.48,8668.018,40.42493,
,-1.0,8677.593,8603.736,87.76216,
,-1.0,9414.071,554.7663,30.179964,
,-1.0,9371.3,515.6678,78.5972,
,-1.0,9365.576,442.4713,57.50524,
,-1.0,9303.811,394.02338,97.4264,
,-1.0,9247.302,316.86313,93.81712,
,-1.0,9214.243,260.31805,30.090698,
,-1.0,9167.59,235.26208,69.10612,
,-1.0,9107.335,254.45464,42.386887,
,-1.0,9064.807,202.71434,84.48428,
,-1.0,5334.9067,133.88776,49.04528,
,-1.0,5286.2134,100.05728,66.65456,
,-1.0,5261.8804,13.444612,80.621185,
,-1.0,5179.997,-24.44087,82.61241,
,-1.0,5096.44,-12.288393,73.738754,
,-1.0,5058.8013,72.69058,81.21947,
,-1.0,4991.1816,70.58289,50.436996,
,-1.0,4939.6104,83.14542,50.46991,
,-1.0,4870.19,123.894,95.06941,
,-1.0,4865.663,232.8575,93.89274,
,-1.0,2126.0154,9272.61,85.13721,
,-1.0,2119.1821,9371.531,91.71049,
,-1.0,2171.0425,9457.66,92.692245,
,-1.0,2254.7817,9493.337,86.23355,
,-1.0,2349.8044,9528.32,89.31644,
,-1.0,2403.601,9486.819,45.456238,
,-1.0,2440.4941,9466.047,37.477337,
,-1.0,3809.598,4668.3896,57.698944,
,-1.0,870.6764,2047.2162,58.439873,
,-1.0,839.6445,2083.1182,32.778927,
,-1.0,827.586,2144.651,92.45439,
,-1.0,809.28217,2212.6226,40.92233,
,-1.0,830.8958,2251.7573,47.72032,
,-1.0,8037.604,6686.087,96.22681,
,-1.0,8967.186,1733.8907,90.43453,
,-1.0,8975.646,1628.526,92.74257,
,-1.0,9028.496,1591.5834,34.77615,
,-1.0,7145.364,1388.3458,54.876213,
,-1.0,7072.019,1437.0918,89.114655,
,-1.0,7012.547,1390.0557,49.82833,
,-1.0,6924.0757,1372.2329,93.24464,
,-1.0,6872.8667,1423.4086,45.467587,
,-1.0,6841.102,1483.9116,73.70951,
,-1.0,9335.36,4878.51,70.77333,
,-1.0,9405.602,4849.4795,80.08646,
,-1.0,9486.315,4815.4844,81.87738,
,-1.0,9549.095,4835.9863,50.094643,
,-1.0,9616.486,4866.5723,90.9315,
,-1.0,9687.22,4873.435,41.40244,
EPIC NINJA,-1.0,9736.598,4838.972,77.902695,
GOLDEN BOY,-1.0,2752.1353,6877.936,58.229355,
GIGA MADMAN,-1.0,2808.6624,6836.2144,81.18753,
,-1.0,2856.664,6797.164,34.95987,
,-1.0,2854.3372,6761.571,31.769125,
,-1.0,2891.6606,6732.11,48.602097,
,-1.0,2881.1333,6661.4043,93.18608,
,-1.0,2906.352,6565.3193,92.74068,
,-1.0,2888.0532,6503.081,34.034237,
,-1.0,2814.4148,6467.6777,99.77947,
,-1.0,2812.2422,6398.8867,34.185226,
,-1.0,2777.572,6366.8564,49.86084,
,-1.0,2781.0088,6323.6763,35.24432,
,-1.0,7733.7114,8180.0913,55.734055,
,-1.0,7642.79,8166.862,91.23887,
,-1.0,7583.949,8237.203,89.36932,
,-1.0,7558.0615,8326.718,93.65976,
,-1.0,7486.484,8397.502,97.29172,
,-1.0,7447.1646,8479.469,66.85023,
,-1.0,7486.3643,8530.999,48.42873,
,-1.0,7457.384,8580.971,53.775604,
,-1.0,7456.266,8668.745,87.252426,
,-1.0,7525.668,8733.589,74.680984,
,-1.0,7606.4873,8728.17,74.04113,
,-1.0,7164.801,6860.712,50.860847,
,-1.0,7169.948,6817.725,34.672436,
,-1.0,7150.968,6757.188,89.5877,
,-1.0,7159.5776,6670.836,81.93477,
,-1.0,7163.6816,6582.9404,80.26204,
,-1.0,7092.7085,6529.046,77.860756,
,-1.0,7081.8286,6452.6094,74.543175,
,-1.0,7099.9497,6393.6685,42.699497,
,-1.0,7095.4766,6351.814,34.166336,
,-1.0,7044.8228,6322.1553,79.93621,
,-1.0,7007.143,6279.2812,33.517925,
,-1.0,6956.0127,6228.538,93.74071,
,-1.0,6968.837,6145.928,64.73625,
,-1.0,6920.955,6093.158,57.256916,
,-1.0,6924.607,6040.271,39.244617,
,-1.0,6993.55,6015.1875,85.44914,
,-1.0,7015.9478,5953.7515,44.90613,
,-1.0,9306.551,4000.8289,81.833694,
,-1.0,1956.1654,6834.215,93.45365,
,-1.0,1887.7616,6869.9263,53.60442,
,-1.0,1501.655,7969.6953,85.32829,
,-1.0,1428.7589,7982.877,57.114883,
,-1.0,1383.2664,7961.4634,42.06072,
,-1.0,1331.2069,7969.2056,49.50097,
,-1.0,1291.0631,7934.0605,56.87278,
,-1.0,1432.1802,1342.861,91.631516,
,-1.0,1451.2108,1262.127,59.94075,
,-1.0,1404.1882,1219.8069,51.661907,
,-1.0,1414.0327,1168.2855,51.213905,
,-1.0,1392.4474,1118.5226,44.462803,
,-1.0,1406.457,1045.3058,83.2586,
,-1.0,1473.8855,988.90845,78.4387,
,-1.0,1530.4891,996.20386,33.25006,
,-1.0,1602.2976,1000.88214,81.197235,
,-1.0,3833.541,331.6956,70.971344,
,-1.0,3808.4883,391.50693,57.212826,
,-1.0,3792.6145,439.17636,34.93605,
,-1.0,3810.3315,490.64438,70.42717,
,-1.0,3862.5884,527.0231,42.831062,
,-1.0,3862.7102,570.5337,44.185635,
,-1.0,3848.905,639.6072,87.87575,
,-1.0,3867.684,723.41736,77.09761,
,-1.0,3907.4128,761.18414,30.798178,
,-1.0,3955.65,806.5776,71.758804,
,-1.0,3914.2905,867.77545,57.35238,
,-1.0,3925.249,922.8264,49.240387,
,-1.0,3958.6116,981.99225,72.97284,
,-1.0,4036.4785,1027.4231,92.319855,
,-1.0,4124.35,994.49927,85.36211,
,-1.0,4222.388,990.24097,85.61476,
,-1.0,4268.6025,1060.0802,79.469795,
,-1.0,8970.203,6356.736,90.396935,
,-1.0,8885.81,6312.969,88.245735,
,-1.0,8862.71,6254.9263,34.149338,
,-1.0,8841.509,6224.201,35.118446,
,-1.0,8775.773,6222.808,84.02818,
,-1.0,8723.39,6165.0913,68.49399,
,-1.0,8662.741,6140.549,61.28349,
,-1.0,8615.923,6083.378,68.210045,
,-1.0,8541.631,6063.646,65.27814,
,-1.0,8467.674,6103.034,92.26729,
,-1.0,8438.422,6173.3013,56.92727,
,-1.0,8390.827,6227.3853,86.55269,
,-1.0,8342.992,6269.471,40.742256,
,-1.0,8308.128,6285.5537,30.620312,
,-1.0,8304.086,6343.8076,63.71488,
,-1.0,8260.911,6376.826,33.75375,
,-1.0,8202.037,6358.8193,89.378716,
,-1.0,1062.8658,522.7305,37.849182,
,-1.0,1120.7317,532.0017,79.09501,
,-1.0,1191.8865,541.72174,62.92367,
,-1.0,1273.1761,555.1495,77.2691,
,-1.0,1327.4451,490.10608,91.32844,
,-1.0,1401.0358,443.90018,76.09152,
,-1.0,1443.7333,388.06937,60.138214,
,-1.0,1463.4651,336.95282,43.66015,
,-1.0,1441.4155,296.70712,36.755333,
,-1.0,1450.5272,231.0693,78.833824,
,-1.0,1501.0725,177.50919,54.95206,
,-1.0,1561.418,190.0273,61.710155,
,-1.0,1641.7509,179.04507,88.20578,
,-1.0,1692.8885,127.66354,56.76773,
,-1.0,1738.8623,70.50653,88.61586,
,-1.0,1794.9374,29.156189,50.323723,
,-1.0,1828.741,-16.133413,59.168556,
,-1.0,1877.754,-65.65468,59.130608,
,-1.0,1926.7919,-44.925034,41.99952,
,-1.0,1973.8793,-52.80198,53.331856,
,-1.0,2044.0227,-101.737915,83.46986,
,-1.0,2127.0928,-79.23422,67.93994,
,-1.0,2143.0938,-14.846973,61.35299,
,-1.0,2169.1584,47.100815,58.70514,
,-1.0,2232.1045,52.56395,55.378338,
,-1.0,2269.3484,122.431786,95.50641,
,-1.0,2338.5483,194.77321,86.66135,
,-1.0,2403.962,207.71965,37.501434,
,-1.0,1262.0142,8358.837,77.57572,
,-1.0,1290.5913,8440.152,69.00749,
,-1.0,1251.7004,8517.874,89.734146,
,-1.0,1186.5005,8535.5,40.72889,
,-1.0,1159.2045,8558.974,30.037043,
,-1.0,1130.0698,8615.135,96.27051,
,-1.0,1087.4658,8678.296,55.95037,
,-1.0,1059.8634,8734.87,69.44469,
,-1.0,1027.4451,8810.274,85.17136,
,-1.0,5866.065,5719.347,97.93931,
,-1.0,5935.293,5665.666,70.74937,
,-1.0,5996.1235,5654.0874,52.776623,
,-1.0,1277.9558,1350.9658,33.789814,
,-1.0,1257.8853,1402.6571,76.35003,
,-1.0,1229.374,1467.0326,59.968594,
,-1.0,1181.7551,1513.1866,71.45506,
,-1.0,361.08234,6880.647,39.02765,
,-1.0,384.72934,6842.2964,42.794693,
,-1.0,367.55972,6796.5225,51.819,
,-1.0,383.2688,6749.12,35.427326,
,-1.0,5163.7563,664.83746,34.92374,
,-1.0,5236.1333,664.6587,83.86885,
,-1.0,5263.3965,738.1532,58.637806,
,-1.0,5345.542,747.3927,88.02188,
,-1.0,9204.756,7207.6743,37.13696,
,-1.0,9224.324,7241.996,35.355343,
,-1.0,9202.446,7305.97,97.89382,
,-1.0,9200.346,7380.3,50.414215,
,-1.0,9169.8,7448.436,86.46364,
,-1.0,8721.515,1238.5101,66.90573,
,-1.0,8719.256,1289.2085,34.18592,
,-1.0,8707.702,1351.7448,75.48601,
,-1.0,8754.567,1404.9465,66.01351,
,-1.0,8829.459,1464.0469,99.47226,
,-1.0,8810.48,1556.9242,73.73871,
,-1.0,8872.517,1615.493,83.84805,
,-1.0,8891.814,1691.1733,68.54914,
,-1.0,8882.214,1761.8204,73.99051,
,-1.0,8863.789,1833.2843,72.49675,
,-1.0,1632.1143,5609.721,34.27339,
,-1.0,1714.772,6452.2295,88.36778,
,-1.0,1770.2067,6422.145,31.167788,
,-1.0,1817.9368,6452.6816,64.540634,
,-1.0,1878.037,6440.211,52.718628,
,-1.0,1061.3174,1936.3113,61.113754,
,-1.0,1011.49,1931.38,31.563675,
,-1.0,983.1156,1881.3945,79.913376,
,-1.0,933.64307,1849.698,34.98814,
,-1.0,901.2734,1812.7993,59.814342,
,-1.0,896.64075,1756.0535,44.500473,
,-1.0,855.784,1736.4474,33.54931,
,-1.0,856.1019,1697.3123,43.664734,
,-1.0,846.8213,1647.3949,56.90062,
,-1.0,835.0871,1590.9825,49.525997,
,-1.0,2063.4363,2053.4277,48.486565,
,-1.0,2071.8577,2115.751,69.02405,
,-1.0,2102.234,2156.984,30.562176,
,-1.0,2151.6345,2177.0256,75.64772,
,-1.0,2210.57,2210.1528,59.545876,
,-1.0,2276.056,2248.8362,92.544716,
,-1.0,2349.6062,2311.7559,94.824745,
,-1.0,2434.3513,2342.905,83.55002,
,-1.0,2524.344,2340.2925,93.69562,
,-1.0,2610.6072,2359.6543,82.34509,
,-1.0,2698.6414,2370.134,70.597694,
,-1.0,2745.0493,2432.4265,76.377914,
,-1.0,6062.0044,4639.964,73.55307,
,-1.0,756.2271,8732.891,50.193756,
,-1.0,780.6515,8767.397,34.17483,
,-1.0,6123.421,4954.325,35.739597,
,-1.0,6099.0557,4893.2905,77.75544,
,-1.0,6936.493,5858.118,53.9783,
,-1.0,6959.924,5932.2534,83.23719,
,-1.0,7011.0776,5963.9844,33.01788,
,-1.0,7077.3,5979.8096,92.73154,
,-1.0,7161.7427,5959.9487,73.945724,
,-1.0,7206.8135,5910.0933,58.67582,
,-1.0,7285.6406,5888.911,85.92854,
,-1.0,7307.007,5814.432,55.631493,
,-1.0,7369.511,5750.3496,94.76349,
,-1.0,7449.1914,5779.757,65.12894,
,-1.0,7517.2603,5750.5947,80.759544,
,-1.0,7610.7812,5766.289,82.98275,
,-1.0,7648.1387,5718.103,35.169315,
,-1.0,7683.1226,5703.1206,40.886253,
,-1.0,7734.0146,5688.9536,64.14969,
,-1.0,7796.9746,5633.798,84.08324,
,-1.0,7874.34,5660.5254,65.62526,
,-1.0,7948.3325,5629.063,94.721664,
,-1.0,8017.7124,5590.2017,64.25224,
,-1.0,8075.1094,5527.802,87.85237,
,-1.0,8161.8213,5514.495,84.399475,
,-1.0,8243.256,5518.491,73.885605,
,-1.0,8309.426,5547.0117,68.89981,
,-1.0,8353.304,5597.1357,54.12391,
,-1.0,8429.136,5616.012,98.91051,
,-1.0,118.65129,848.47986,43.91198,
,-1.0,165.98912,866.90594,46.219307,
,-1.0,201.5009,833.66656,37.874237,
,-1.0,248.4676,838.46857,53.746567,
,-1.0,283.51828,865.8444,30.866789,
,-1.0,337.20303,850.4445,64.422295,
,-1.0,407.7839,884.10913,84.56297,
,-1.0,448.10016,948.9308,67.540634,
,-1.0,6640.159,8387.377,41.421124,
,-1.0,6696.2056,8420.937,85.07008,
,-1.0,6740.719,8494.393,84.88571,
,-1.0,6819.843,8543.9,88.244064,
,-1.0,6832.224,8635.835,85.064514,
,-1.0,6871.3965,8694.72,43.51693,
,-1.0,6939.634,8713.05,92.49449,
,-1.0,9664.849,3097.6907,72.06913,
,-1.0,9666.115,3191.9045,83.165665,
,-1.0,9722.934,3228.5454,49.011528,
,-1.0,9761.78,3236.95,30.07587,
,-1.0,9825.3545,3248.7092,95.222626,
,-1.0,9907.56,3213.4438,69.61508,
,-1.0,9959.355,3233.3826,41.3322,
,-1.0,9345.517,675.46246,52.982796,
,-1.0,9344.905,595.0892,99.875725,
,-1.0,9315.394,518.6517,56.926132,
,-1.0,9273.32,481.09415,53.803303,
,-1.0,9211.076,425.09143,81.71408,
,-1.0,9148.369,461.31207,56.442116,
,-1.0,9082.136,442.47806,70.87129,
,-1.0,9027.601,478.10403,51.2696,
,-1.0,8963.304,454.83582,72.20903,
,-1.0,8907.518,484.9652,52.95785,
,-1.0,8849.798,494.96725,64.08191,
,-1.0,8777.703,530.36285,86.44606,
,-1.0,8690.519,503.92874,89.6203,
,-1.0,8624.449,503.46707,32.12185,
,-1.0,8595.167,543.2158,66.519455,
,-1.0,8566.87,600.69824,44.729626,
,-1.0,8525.81,609.6016,36.9694,
,-1.0,2132.5894,9413.556,98.82026,
,-1.0,2037.2073,9408.489,92.204544,
,-1.0,1972.3273,9411.4795,33.253487,
,-1.0,1894.0532,9400.396,87.86824,
,-1.0,675.7751,7996.3574,90.64922,
,-1.0,712.6687,8045.0625,31.435493,
,-1.0,757.0126,8070.2456,56.442772,
,-1.0,774.2499,8135.225,76.306046,
,-1.0,777.5021,8194.61,41.80877,
,-1.0,748.76575,8247.203,57.606457,
,-1.0,770.6983,8304.632,59.34437,
,-1.0,417.27615,7624.7812,98.25286,
,-1.0,361.28098,7678.883,57.362457,
,-1.0,1498.9261,9982.761,39.840015,
,-1.0,1531.8053,9948.996,53.18224,
,-1.0,1593.9617,9909.873,93.501816,
,-1.0,1655.6979,9874.008,48.614532,
,-1.0,803.74445,6967.0776,97.82776,
,-1.0,744.01135,6901.053,75.619354,
,-1.0,8403.025,3672.9065,81.35921,
,-1.0,8370.807,3732.6665,54.130585,
,-1.0,8362.886,3787.4307,46.40191,
,-1.0,8316.628,3843.6113,86.77713,
,-1.0,8251.402,3868.4395,45.144085,
,-1.0,8198.117,3838.432,70.356415,
,-1.0,8138.473,3854.0623,40.376854,
,-1.0,5244.0244,872.63116,83.77284,
,-1.0,5297.2817,833.0344,46.297585,
,-1.0,5352.662,810.2294,70.01297,
,-1.0,5438.139,791.57196,92.29132,
,-1.0,5504.536,836.7898,60.506737,
,-1.0,5558.436,831.6966,46.297455,
,-1.0,9959.455,1255.2281,44.025677,
,-1.0,9953.944,1182.5076,97.99547,
,-1.0,9980.288,1119.9244,33.327644,
,-1.0,9280.514,9083.992,95.34636,
,-1.0,9216.739,9068.872,35.055477,
,-1.0,9171.946,9074.355,53.06163,
,-1.0,1634.5884,8809.523,74.14624,
,-1.0,1671.6908,8753.899,44.993027,
,-1.0,1714.557,8742.077,34.821358,
,-1.0,1747.6869,8785.8125,56.83511,
,-1.0,1812.5315,8790.667,69.04809,
,-1.0,1875.3877,8781.546,46.713947,
,-1.0,1920.6646,8746.013,49.695976,
,-1.0,1931.966,8664.422,95.9659,
,-1.0,1892.4939,8586.248,66.63876,
,-1.0,1833.7104,8543.126,62.09384,
,-1.0,1776.3018,8574.073,56.390083,
,-1.0,1711.3754,8563.19,72.29489,
,-1.0,1653.8997,8528.942,61.47932,
,-1.0,1557.9164,8513.368,98.966,
,-1.0,1492.6925,8424.819,95.15972,
,-1.0,1495.9523,8336.047,65.20567,
,-1.0,1560.9991,8302.036,73.58443,
,-1.0,1580.0696,8214.5205,76.13744,
,-1.0,1651.7136,8211.185,49.38867,
,-1.0,1680.0096,8163.2886,61.83309,
,-1.0,1695.7958,8109.436,41.173157,
,-1.0,1745.9467,8098.408,48.607384,
,-1.0,1760.2871,8036.3765,68.801605,
LIGHTNING BOY,-1.0,1809.0563,7980.146,72.27129,
-,-1.0,652.5004,3946.008,49.481377,
-,-1.0,707.909,3897.759,96.913216,
-,-1.0,771.85034,3836.578,77.70578,
-,-1.0,792.8185,3756.0151,68.99721,
,-1.0,882.38495,3748.1038,78.96821,
,-1.0,892.0326,3653.692,84.782814,
,-1.0,954.7766,3611.4658,64.866035,
,-1.0,1023.20526,3581.3,83.0168,
,-1.0,1116.2224,3577.188,99.34271,
,-1.0,1189.3113,3543.9448,60.842346,
,-1.0,1260.3762,3530.1843,81.90076,
,-1.0,1358.7023,3513.2776,85.05148,
,-1.0,1391.8784,3439.834,74.12041,
-,-1.0,1375.9556,3343.2153,90.827484,
-,-1.0,1437.8839,3300.4368,55.900574,
-,-1.0,1471.7244,3246.2766,71.70817,
,-1.0,1539.199,3179.6328,88.537125,
,-1.0,1503.3021,3102.2166,66.00232,
,-1.0,1555.9363,3033.8022,89.46658,
,-1.0,1523.2494,2941.7844,89.161865,
,-1.0,1575.501,2872.7559,62.652603,
,-1.0,1566.7379,2798.255,76.97957,
,-1.0,1513.7805,2751.8809,61.862045,
,-1.0,4762.354,1993.7351,40.49976,
,-1.0,4798.8594,1967.4962,47.05646,
,-1.0,1553.7693,8247.287,42.378067,
,-1.0,1594.9474,8258.364,42.68947,
,-1.0,1652.3888,8269.292,67.93767,
,-1.0,1723.5417,8307.383,78.78218,
,-1.0,1743.3827,8369.483,51.522507,
,-1.0,3054.5527,3035.5022,79.47679,
,-1.0,4964.9976,4930.5244,56.841434,
,-1.0,4910.6567,4920.0195,43.976505,
,-1.0,4881.823,4946.347,31.790241,
,-1.0,9049.578,9876.737,41.563004,
,-1.0,7893.3633,5275.678,52.196434,
,-1.0,7865.1484,5334.4233,60.70037,
,-1.0,7898.208,5396.137,79.30307,
,-1.0,7959.303,5470.41,98.5279,
,-1.0,7976.781,5571.119,98.23261,
,-1.0,7969.3115,5668.8804,77.78664,
,-1.0,7922.21,5718.4863,50.892696,
,-1.0,7868.445,5739.203,55.19259,
,-1.0,7252.682,3284.6978,37.533756,
,-1.0,7226.657,3334.6653,61.94397,
,-1.0,7172.9443,3349.192,49.33359,
,-1.0,7128.2583,3363.28,44.316612,
,-1.0,7058.4404,3357.3818,72.7378,
,-1.0,7011.624,3401.1438,49.423073,
,-1.0,7009.075,3462.3271,66.43831,
,-1.0,6980.384,3536.9321,80.38023,
,-1.0,6910.307,3606.7,90.85557,
,-1.0,8428.411,2434.357,35.320515,
,-1.0,8450.55,2476.8655,57.380726,
,-1.0,4017.522,2878.55,70.57761,
,-1.0,3961.721,2883.2798,34.592793,
,-1.0,3915.3728,2864.2532,56.606873,
,-1.0,3903.066,2812.9175,36.433132,
,-1.0,3850.2568,2805.2507,63.831734,
,-1.0,3794.5266,2761.279,77.69665,
,-1.0,3749.318,2674.8672,90.582825,
,-1.0,3656.1782,2633.721,86.50871,
,-1.0,3594.1663,2687.576,68.19125,
,-1.0,3515.1147,2670.6372,68.35109,
,-1.0,3467.7493,2708.0046,46.438164,
,-1.0,3434.1465,2767.97,83.45917,
,-1.0,4776.2974,8201.135,95.25789,
,-1.0,4794.335,8108.414,82.95647,
,-1.0,4855.2407,8044.8896,92.63127,
,-1.0,4913.5825,8001.0605,52.774063,
,-1.0,4942.54,7957.524,46.614113,
,-1.0,5009.879,7931.7534,97.17043,
,-1.0,4612.5073,7123.0337,92.46742,
,-1.0,4596.3623,7062.3853,33.05178,
,-1.0,4584.2905,7024.934,45.49092,
,-1.0,4557.5483,6970.9746,63.608124,
,-1.0,4562.8086,6912.603,45.392998,
,-1.0,4616.041,6872.1294,86.0444,
,-1.0,4648.395,6800.6694,59.0015,
,-1.0,4709.1826,6792.2466,48.14794,
,-1.0,4740.9233,6727.1313,96.68953,
,-1.0,4767.369,6638.926,74.18262,
,-1.0,4811.7476,6608.912,32.75701,
,-1.0,4850.4683,6572.1646,61.003174,
,-1.0,4899.7603,6575.3853,37.79114,
,-1.0,4941.842,6590.1406,40.709816,
,-1.0,4991.1714,6540.096,88.82805,
,-1.0,5078.747,6547.4834,67.92638,
,-1.0,5127.293,6491.3706,79.969345,
,-1.0,264.80188,9202.938,87.56093,
,-1.0,5430.057,5346.4014,74.98549,
,-1.0,5456.0723,5299.354,31.37209,
,-1.0,5502.2,5271.013,71.16848,
,-1.0,5527.4614,5211.928,55.31157,
,-1.0,4934.1646,7273.674,64.29891,
,-1.0,10079.055,6323.4507,99.18278,
,-1.0,10022.61,6368.5435,36.572647,
,-1.0,10023.663,6417.127,58.27474,
,-1.0,9983.435,6485.088,91.22278,
,-1.0,9996.077,6555.367,41.897106,
,-1.0,2397.7356,8215.497,54.63881,
,-1.0,2354.4917,8251.911,43.66326,
,-1.0,1736.2118,784.28894,32.762108,
,-1.0,1757.5491,837.36725,60.319405,
,-1.0,4668.173,5822.704,99.5589,
,-1.0,4581.1616,5819.6104,69.91874,
,-1.0,4531.915,5847.0557,40.16828,
,-1.0,4045.4866,1694.4246,83.38756,
,-1.0,4114.6196,1683.0901,53.37825,
,-1.0,4178.9434,1655.9532,79.94028,
,-1.0,9708.419,2830.6755,34.446224,
,-1.0,9650.247,2797.7214,95.06555,
,-1.0,9614.432,2742.8245,33.495323,
,-1.0,8141.164,6443.823,68.31125,
,-1.0,8159.5938,6384.3,45.237362,
,-1.0,8201.546,6354.14,53.12416,
,-1.0,8254.078,6342.2163,51.579918,
,-1.0,8303.329,6360.767,49.08293,
,-1.0,8369.779,6371.2495,61.28732,
,-1.0,8393.357,6317.4424,45.048164,
,-1.0,8430.542,6298.734,35.162712,
,-1.0,8488.54,6295.775,80.01102,
,-1.0,8581.429,6283.928,81.745186,
,-1.0,8623.187,6335.447,50.139946,
,-1.0,8661.603,6376.7485,59.686012,
,-1.0,8718.63,6392.9194,54.363403,
,-1.0,8751.816,6441.019,55.27629,
,-1.0,8807.035,6475.7583,65.624054,
,-1.0,8880.879,6462.8853,83.325485,
,-1.0,8956.301,6468.471,67.14322,
,-1.0,1682.9231,5563.028,30.129513,
,-1.0,1722.167,5518.8745,66.010376,
,-1.0,4864.514,354.9909,57.39833,
,-1.0,4909.4854,391.54825,56.817623,
,-1.0,4935.858,432.04938,39.817566,
,-1.0,4962.4277,480.0862,68.078926,
,-1.0,5002.6333,537.1554,63.065323,
,-1.0,5057.0522,546.52606,42.249153,
,-1.0,5126.2217,578.0016,86.8125,
,-1.0,5133.343,640.9475,36.347137,
,-1.0,9046.728,3778.4148,78.119385,
,-1.0,9065.038,3861.123,78.69682,
,-1.0,9106.254,3908.5579,35.19555,
,-1.0,9148.37,3892.391,43.860493,
,-1.0,9197.612,3910.4846,57.1687,
,-1.0,9258.686,3946.994,67.961174,
,-1.0,9264.314,4030.7998,98.14025,
,-1.0,9286.859,4101.036,49.388443,
,-1.0,9285.882,4176.801,73.95154,
,-1.0,9388.264,4194.697,95.83292,
,-1.0,9426.677,4282.43,91.95766,
,-1.0,1445.9805,7114.794,63.517117,
,-1.0,1508.4343,7139.1626,62.715206,
,-1.0,2432.9055,6806.0537,97.48835,
,-1.0,2520.7156,6784.5483,69.90799,
,-1.0,2560.2512,6742.463,39.590355,
,-1.0,753.78784,749.8489,79.45021,
,-1.0,744.31,810.6626,40.81005,
,-1.0,713.9398,865.66473,83.79976,
,-1.0,678.80804,928.3086,47.817677,
,-1.0,626.55316,941.86224,60.066376,
,-1.0,566.7039,942.82214,53.844437,
,-1.0,514.02655,965.0145,54.72603,
,-1.0,486.4374,1035.4703,84.33797,
,-1.0,437.83762,1066.6111,30.424856,
,-1.0,393.30194,1100.2247,65.95007,
,-1.0,4894.503,406.39426,33.981598,
,-1.0,4934.353,388.38226,42.608376,
,-1.0,621.7775,4172.342,78.05808,
,-1.0,2098.1914,5575.4644,92.52671,
,-1.0,2052.3,5630.62,50.271416,
,-1.0,4242.8735,3978.1335,97.03432,
,-1.0,4186.58,3936.2598,43.197388,
,-1.0,2775.4622,9965.057,72.10614,
,-1.0,2833.5034,9986.021,39.14215,
,-1.0,9569.523,4381.445,84.199844,
,-1.0,10352.936,6250.979,74.166824,
,-1.0,10310.806,6191.009,60.405994,
,-1.0,10262.878,6188.019,31.729492,
,-1.0,10195.179,6169.0015,82.795425,
,-1.0,10159.612,6096.8433,69.73425,
,-1.0,10178.558,6024.636,76.09398,
,-1.0,10174.592,5964.308,44.261406,
,-1.0,10165.104,5893.626,95.881454,
,-1.0,10135.93,5830.604,43.00535,
,-1.0,10127.702,5790.568,32.11246,
,-1.0,10070.845,5767.7383,83.00755,
,-1.0,10013.932,5713.599,66.16989,
,-1.0,10006.521,5632.2656,93.17977,
,-1.0,9981.518,5563.123,50.229885,
,-1.0,9944.199,5508.1025,75.81516,
,-1.0,4275.825,1586.3271,89.05262,
,-1.0,4335.065,1627.725,55.445705,
,-1.0,4390.4307,1696.2668,91.5488,
,-1.0,4459.177,1700.6775,35.2138,
,-1.0,4492.0293,1633.6647,99.634674,
,-1.0,4577.371,1606.6865,75.68613,
,-1.0,4651.041,1561.8092,92.49476,
,-1.0,4714.2793,1502.2992,72.128944,
,-1.0,4712.3467,1429.9042,56.37565,
,-1.0,5032.8584,1831.9734,61.925056,
,-1.0,4999.276,1759.4049,79.69842,
,-1.0,4945.7896,1737.6598,33.836052,
,-1.0,4283.8086,4274.8286,48.729378,
,-1.0,4321.9634,4321.9766,53.612083,
,-1.0,4315.4946,4368.875,32.32937,
,-1.0,4257.571,4394.526,90.80167,
,-1.0,4184.986,4446.3755,79.64552,
,-1.0,4147.998,4500.145,39.70161,
,-1.0,4164.3853,4534.656,32.666134,
,-1.0,4134.81,4586.4004,61.628014,
,-1.0,4173.9917,4622.507,33.008896,
,-1.0,4140.95,4682.1187,81.62495,
,-1.0,4181.9604,4739.185,47.31301,
,-1.0,4186.97,4796.339,51.527103,
,-1.0,4140.7065,4822.5527,49.039833,
,-1.0,4098.9805,4868.378,60.136543,
,-1.0,4100.297,4939.4834,79.851814,
,-1.0,4148.529,5014.6377,78.765816,
,-1.0,4133.501,5079.557,53.458412,
,-1.0,3741.98,5416.3086,31.974895,
,-1.0,3745.102,5359.489,60.575115,
,-1.0,3809.881,5299.825,95.09139,
,-1.0,3915.912,5278.814,92.38838,
,-1.0,4003.5442,5331.007,95.224594,
,-1.0,4038.4485,5419.1714,93.413284,
,-1.0,2200.199,1704.1096,84.965996,
,-1.0,2266.9612,1664.843,57.62658,
,-1.0,2272.4849,1611.3226,45.063217,
,-1.0,2312.8545,1580.0491,46.466328,
,-1.0,2300.5442,1520.8569,57.38556,
,-1.0,2367.914,1477.3553,88.17221,
,-1.0,2383.2659,1398.3954,71.08824,
,-1.0,9027.903,9345.609,84.70099,
,-1.0,4175.961,529.7875,35.118027,
,-1.0,4190.5693,465.9517,95.85381,
,-1.0,6194.4956,6886.8335,73.38808,
,-1.0,6135.1543,6859.9634,48.34471,
,-1.0,6096.204,6872.185,33.199085,
,-1.0,6056.3545,6892.982,46.848923,
,-1.0,5971.1807,6896.034,88.99184,
,-1.0,5930.9233,6840.8145,42.65413,
,-1.0,5895.107,6763.759,93.97008,
,-1.0,5969.927,6694.4424,98.06277,
,-1.0,5972.233,6610.135,57.6742,
,-1.0,6005.081,6559.8716,50.921345,
,-1.0,8915.126,1220.2917,72.93413,
,-1.0,8949.213,1156.4614,71.63904,
,-1.0,8990.461,1105.5282,56.754135,
,-1.0,8995.283,1056.2998,32.090492,
,-1.0,9077.56,1044.3893,95.27289,
,-1.0,9121.357,952.1099,99.96828,
,-1.0,9120.396,879.852,43.229668,
,-1.0,9116.883,825.0869,57.741684,
,-1.0,9081.981,745.0551,83.53868,
,-1.0,9001.77,719.0591,61.574734,
,-1.0,8967.084,750.9586,32.627422,
,-1.0,4485.6846,8683.233,99.66273,
,-1.0,4444.43,8748.236,50.077717,
,-1.0,4386.4165,8764.723,58.296333,
,-1.0,6858.355,5241.511,83.67343,
,-1.0,6782.308,5219.2915,72.10014,
,-1.0,6731.17,5193.9756,36.153,
,-1.0,6711.837,5156.798,47.56611,
,-1.0,8018.659,8839.1875,49.97075,
,-1.0,5464.839,2040.4751,64.22824,
SONIC OBAMA,-1.0,5432.4243,2086.431,43.37809,
,-1.0,5431.5576,2127.318,38.279076,
,-1.0,5419.5967,2181.715,71.87305,
,-1.0,5404.8022,2250.6072,54.34489,
,-1.0,5438.289,2291.3572,51.06504,
,-1.0,5493.1245,2343.6802,93.429474,
,-1.0,5518.805,2416.7932,61.37251,
,-1.0,5554.2573,2485.4768,81.11907,
,-1.0,4073.4087,8831.132,94.7752,
,-1.0,4039.374,8732.189,86.45648,
,-1.0,7662.9546,10131.84,84.15352,
,-1.0,7678.75,10066.456,50.18924,
,-1.0,7700.6665,10029.016,30.024704,
,-1.0,1788.9038,6946.8267,55.556297,
,-1.0,1792.0771,6896.9746,41.916985,
,-1.0,1807.0884,6840.5283,67.76239,
,-1.0,1867.9344,6803.3223,67.31712,
,-1.0,1892.414,6750.8535,48.468254,
,-1.0,1908.7347,6684.094,79.56734,
,-1.0,1978.2744,6647.884,60.375175,
,-1.0,2004.8608,6583.1064,72.09528,
,-1.0,2000.2288,6500.295,90.311646,
,-1.0,1970.13,6426.7295,68.61463,
,-1.0,1943.4095,6362.1865,70.79324,
,-1.0,1915.1575,6313.239,42.17651,
,-1.0,1904.2651,6268.9355,41.933075,
,-1.0,1858.9541,6247.1006,54.457428,
,-1.0,1934.9497,4255.362,58.15291,
,-1.0,1889.6476,4247.1987,33.359898,
,-1.0,1834.7802,4230.111,62.318977,
,-1.0,1775.67,4257.058,50.776222,
,-1.0,874.03613,1362.0443,97.32468,
,-1.0,811.6077,1400.4554,39.772972,
,-1.0,749.7204,1374.9403,90.208664,
,-1.0,647.56555,1400.024,98.64181,
,-1.0,590.54395,1349.6155,44.983875,
,-1.0,512.4492,1372.4913,98.139595,
,-1.0,433.28763,1336.7784,72.6684,
,-1.0,363.50998,1296.7438,72.93359,
,-1.0,333.11063,1231.2759,64.29259,
,-1.0,342.33704,1183.4882,32.43033,
,-1.0,338.85037,1140.0842,54.424347,
,-1.0,340.43866,1079.042,67.677635,
,-1.0,345.20947,1007.30054,76.110855,
,-1.0,349.96796,930.39,77.93941,
,-1.0,357.79694,873.9716,31.640713,
,-1.0,333.45905,845.0343,37.119087,
,-1.0,327.75708,781.3198,87.80221,
,-1.0,334.45642,712.9527,42.35205,
,-1.0,371.26706,676.4322,61.31349,
,-1.0,405.1771,619.0013,62.65599,
,-1.0,465.95853,610.56946,47.730637,
,-1.0,481.16602,562.47797,38.819168,
,-1.0,542.2257,550.07684,85.61151,
,-1.0,608.3289,516.44434,52.468117,
,-1.0,690.9981,510.76505,84.659485,
,-1.0,743.9339,571.9908,74.69147,
,-1.0,756.75714,652.78455,72.86508,
,-1.0,831.4335,690.6416,89.98093,
,-1.0,875.09045,735.0482,32.97149,
,-1.0,4451.588,9179.891,76.7522,
,-1.0,4418.607,9096.483,87.47067,
,-1.0,4433.643,9025.007,53.14784,
,-1.0,4475.145,8978.904,70.90851,
,-1.0,4528.1064,8935.6045,61.875656,
,-1.0,4574.9766,8883.113,58.676956,
,-1.0,268.6763,3797.6792,72.146225,
RAPLF,-1.0,262.89664,3861.0293,53.380154,
"GAMER ",-1.0,238.60173,3932.7683,97.268974,
MECHA GOD,-1.0,215.35312,4012.0596,51.19204,
,-1.0,157.98022,4057.0098,69.45863,
,-1.0,2223.4448,9315.349,58.943626,
,-1.0,2290.7861,9357.324,92.55487,
,-1.0,2321.0984,9436.841,70.91381,
,-1.0,7801.974,6530.938,97.26931,
,-1.0,7769.446,6438.1465,93.20432,
-,-1.0,7698.5903,6372.6104,99.28455,
-,-1.0,7644.802,6324.545,36.887844,
-,-1.0,7640.3916,6271.839,68.88715,
,-1.0,9494.232,3499.1472,60.34156,
,-1.0,9411.283,3530.3894,98.91522,
,-1.0,189.28423,8104.9707,33.412766,
,-1.0,166.28276,8071.475,35.662273,
,-1.0,179.45541,8021.955,63.969986,
,-1.0,247.78949,7973.528,74.73596,
,-1.0,258.32147,7894.6343,65.91902,
,-1.0,228.473,7852.9497,31.53547,
,-1.0,169.258,7832.5776,93.51018,
,-1.0,1815.7128,1458.6696,83.82596,
,-1.0,3964.5022,2021.9811,45.659615,
,-1.0,3894.1333,2009.9678,92.943115,
,-1.0,3836.486,1971.3143,45.506264,
,-1.0,3787.835,1961.2522,44.071136,
,-1.0,3758.0286,1930.8706,33.559975,
,-1.0,3751.268,1891.8455,41.281353,
,-1.0,3768.935,1844.3313,59.85573,
,-1.0,3789.4272,1796.7993,42.94793,
,-1.0,3808.1587,1732.4237,65.5795,
,-1.0,3859.5474,1718.9639,39.8373,
,-1.0,3920.85,1731.3625,77.523705,
,-1.0,3992.5374,1711.3545,69.02634,
,-1.0,5851.28,8641.477,90.12242,
,-1.0,5853.5923,8714.678,55.863308,
,-1.0,5833.948,8775.264,64.62616,
,-1.0,3801.1182,7708.7744,41.146126,
,-1.0,3840.5957,7663.429,72.05262,
,-1.0,3919.4216,7652.636,81.212845,
,-1.0,4014.6052,7622.7275,86.111206,
,-1.0,4061.6743,7534.2095,87.76012,
,-1.0,7368.421,4734.375,60.363243,
,-1.0,2562.3618,7939.4165,74.34152,
X-LORD,-1.0,2619.4583,7968.0005,43.385757,
-,-1.0,2668.915,7958.1406,54.92354,
-,-1.0,2749.6416,7933.229,95.719604,
-,-1.0,2781.0037,7857.4233,65.53462,
,-1.0,2814.2034,7789.5366,62.987595,
,-1.0,2868.8572,7772.827,41.62242,
,-1.0,2906.5361,7784.772,31.507862,
,-1.0,2940.7278,7818.348,55.14115,
,-1.0,2928.0732,7877.8604,49.39849,
,-1.0,94.547226,8498.767,84.97278,
,-1.0,7824.3823,7308.728,70.33487,
,-1.0,7820.4917,7251.8354,43.71057,
,-1.0,7842.2837,7176.6206,88.10141,
,-1.0,7804.2695,7110.5806,58.402184,
,-1.0,7748.502,7088.8833,57.2672,
,-1.0,7708.847,7046.843,58.287735,
,-1.0,7657.8237,6989.6006,95.05499,
,-1.0,7612.8574,6941.578,35.710503,
,-1.0,7602.2285,6883.2744,63.223186,
,-1.0,7555.9204,6854.721,40.99549,
,-1.0,7507.8486,6868.134,47.321922,
,-1.0,7447.0435,6850.3467,61.050446,
,-1.0,7392.954,6780.7744,82.59721,
,-1.0,7415.393,6693.553,88.11987,
,-1.0,7485.6924,6633.6924,95.94289,
,-1.0,7557.3105,6574.0103,83.762695,
,-1.0,7619.7764,6496.363,86.656006,
,-1.0,7603.032,6424.996,58.049667,
,-1.0,7577.7637,6382.187,41.37141,
,-1.0,7551.2256,6336.2705,64.68248,
,-1.0,7497.0063,6273.1455,95.92574,
,-1.0,7449.3896,6181.228,96.89044,
,-1.0,7482.1562,6091.192,86.03096,
,-1.0,7434.095,5998.979,92.64017,
-,-1.0,7457.5864,5897.7544,90.36496,
-,-1.0,7542.6343,5868.061,86.5638,
-,-1.0,7592.6855,5808.721,56.266155,
,-1.0,7672.7295,5782.3213,99.88252,
,-1.0,7762.39,5790.3164,60.268013,
,-1.0,7787.061,5838.8926,48.112144,
,-1.0,7839.2183,5883.7666,81.81731,
,-1.0,7864.152,5947.3687,53.866615,
,-1.0,6894.8203,7775.908,78.08981,
,-1.0,6817.8877,7783.5117,68.68317,
,-1.0,6767.7305,7830.937,67.972565,
,-1.0,6885.982,8458.145,76.507614,
,-1.0,6895.065,8376.675,84.42734,
,-1.0,6848.346,8291.34,81.85169,
,-1.0,9180.696,955.7681,88.77214,
,-1.0,9260.897,941.7199,60.080544,
,-1.0,9311.937,1012.9829,87.76611,
,-1.0,9384.996,1012.814,58.10808,
,-1.0,9447.925,990.4799,64.25229,
,-1.0,9507.072,1034.1725,67.052086,
,-1.0,9574.469,1035.4106,56.41749,
,-1.0,9604.807,1003.5882,30.790731,
,-1.0,9648.831,992.5,46.52027,
,-1.0,9661.744,948.0255,44.86475,
,-1.0,9698.96,914.61487,41.935806,
,-1.0,9683.623,859.8983,68.18936,
,-1.0,9684.906,807.58746,33.831703,
,-1.0,9733.781,761.0499,81.06918,
,-1.0,9721.81,698.29584,44.235657,
,-1.0,9761.769,633.71387,77.64721,
,-1.0,9739.006,562.91516,54.788574,
,-1.0,9688.529,550.536,47.366997,
,-1.0,9623.141,533.87744,64.18424,
,-1.0,3152.4763,6223.3027,73.42915,
,-1.0,3103.6606,6289.441,90.630295,
,-1.0,3060.9495,6349.263,51.92473,
,-1.0,7297.5225,10360.672,67.17023,
,-1.0,7248.6875,10345.196,35.05792,
,-1.0,7201.6753,10332.832,61.307693,
,-1.0,7144.8823,10343.142,42.793034,
,-1.0,7081.829,10310.26,91.90066,
,-1.0,7034.3213,10249.107,60.657978,
,-1.0,7028.111,10178.007,68.18338,
,-1.0,6979.0156,10138.193,58.162125,
-,-1.0,6907.2954,10103.328,80.578445,
-,-1.0,6883.323,10035.137,61.006012,
-,-1.0,6864.6914,9959.113,76.67883,
,-1.0,6903.596,9916.831,34.63565,
,-1.0,3685.255,757.7904,89.478165,
,-1.0,3715.6367,668.8578,73.41206,
,-1.0,3787.8962,648.1118,76.75951,
,-1.0,3879.5425,657.5187,77.881226,
,-1.0,3921.462,577.74335,98.003586,
,-1.0,3980.6414,521.7608,64.42428,
,-1.0,4026.3818,497.75113,35.551155,
,-1.0,4044.1294,447.22125,62.76266,
,0.0,74.1446,1145.6049,63.999798,
,0.0,2166.627,137.59375,48.077835,
,0.0,5354.3877,9141.666,36.467323,
,0.0,3649.6282,9158.767,87.07504,
,0.0,7752.18,7956.645,88.5653,
,0.0,8264.388,7166.5073,91.787346,
,0.0,6100.9116,756.1612,52.591377,
,0.0,1114.2797,1698.1632,60.724792,
,0.0,6749.1675,7724.036,73.80734,
,0.0,5588.2393,5252.281,49.99816,
,0.0,8912.762,1947.8864,78.367805,
,0.0,8685.685,2661.503,50.006058,
,0.0,9616.459,532.40356,90.50273,
,0.0,8536.41,7659.955,41.837852,
,0.0,279.63577,2329.936,78.11348,
,0.0,4855.403,195.39893,94.68684,
,0.0,9268.717,119.31956,38.28667,
,0.0,2597.189,5798.6177,44.36593,
,0.0,2422.7744,2406.0613,42.00311,
,0.0,448.27164,6289.3887,51.85924,
,0.0,7513.4663,1810.1758,84.03186,
,0.0,9942.675,7292.2236,41.214405,
,0.0,1724.3314,5164.4463,34.42332,
,0.0,9673.274,4053.7817,45.519653,
,0.0,5987.0625,3297.1853,84.00873,
,0.0,8107.6826,114.53211,90.44145,
,0.0,8686.062,8526.95,66.74293,
,0.0,5350.2915,2211.9373,89.45205,
,0.0,1775.8315,1136.2087,88.0411,
,0.0,6992.04,241.60088,44.101097,
,0.0,9810.171,2218.166,32.468243,
,0.0,7196.65,3684.8008,71.03927,
,0.0,8851.393,8586.546,80.423645,
,0.0,7910.7754,7724.883,67.17009,
,0.0,1400.9774,6714.724,69.48541,
,0.0,111.390945,7462.492,38.407326,
,0.0,8376.019,1287.8466,38.908897,
,0.0,4796.602,277.4203,70.48843,
,0.0,982.91156,4908.756,94.75195,
,0.0,2507.1526,9456.273,97.26486,
,0.0,3857.0369,4614.904,85.28623,
,0.0,842.917,2293.2625,38.70176,
,0.0,7952.6313,6642.1934,95.05297,
,0.0,3257.252,4255.69,93.11336,
,0.0,1810.8195,2670.1921,57.317024,
,0.0,9865.661,6494.3584,64.303635,
,0.0,9086.225,1574.6855,85.52695,
,0.0,9141.216,9635.728,40.133575,
,0.0,9564.3125,646.0142,76.18124,
,0.0,7482.6753,4280.061,61.378456,
,0.0,721.98334,6536.8564,72.08023,
,0.0,2491.8442,7910.208,65.17064,
,0.0,601.7131,2016.6117,78.21727,
,0.0,6876.3477,6921.0283,44.975563,
,0.0,6865.013,1543.7943,55.25067,
,0.0,7504.2856,1168.9835,38.699013,
,0.0,9788.743,4782.223,76.234436,
,0.0,2763.0037,6258.777,99.45718,
,0.0,4965.4023,3650.7202,60.50161,
,0.0,9518.777,4742.1455,38.145233,
,0.0,7031.6387,4901.939,42.890858,
,0.0,4299.913,2393.4995,63.348503,
,0.0,7647.778,8686.022,43.964455,
,0.0,7027.744,5892.302,80.23761,
,0.0,5531.9434,780.3655,58.602142,
,0.0,2335.9722,8747.828,49.33472,
,0.0,6642.185,8051.349,76.56793,
,0.0,9274.727,4074.1772,78.07645,
,0.0,1855.3346,6932.0576,86.564384,
,0.0,1259.6846,7898.0903,38.594,
,0.0,9460.121,8182.036,30.70686,
,0.0,1639.0139,941.4834,58.463615,
,0.0,3510.8977,3921.6768,57.97177,
,0.0,9473.084,4953.402,33.22877,
,0.0,3819.875,5682.0674,90.180244,
LIL QUEEN,0.0,4336.696,1115.9379,96.67512,
-,0.0,1226.2356,5968.252,51.784122,
-,0.0,8875.967,5212.948,98.987495,
LIL QUEEN,0.0,4005.1377,8320.57,70.533,
-,0.0,8782.291,351.25256,96.59409,
-,0.0,8123.0166,6334.3794,76.04747,
-,0.0,2441.8372,181.34654,54.80419,
-,0.0,472.73337,9620.173,77.82756,
,0.0,5565.47,49.646496,73.35182,
,0.0,952.86725,8858.995,92.991714,
,0.0,6064.4956,5650.1997,84.18879,
,0.0,5771.404,164.52492,77.607155,
,0.0,1110.6533,1555.9578,94.49463,
,0.0,4041.7026,5561.1934,54.848194,
,0.0,5580.3496,6835.9033,74.56664,
,0.0,4001.863,5661.8477,52.30497,
,0.0,6800.3633,6210.249,38.456947,
,0.0,3361.8027,4978.173,89.14134,
,0.0,3023.2358,8910.657,46.054985,
,0.0,5565.782,1652.6497,89.836235,
,0.0,344.736,6701.5503,87.00878,
,0.0,5392.1777,809.3363,67.050934,
,0.0,9187.439,7515.5103,52.24672,
,0.0,9706.663,1116.0355,89.709854,
,0.0,6841.976,9976.379,56.390434,
,0.0,8861.056,1904.9978,71.03459,
,0.0,8035.9243,424.065,70.60884,
,0.0,1666.7378,5569.479,71.900604,
,0.0,7794.1084,6002.9023,61.110558,
,0.0,9786.197,4851.6704,93.784225,
,0.0,9056.442,4483.007,55.157074,
,0.0,5393.6177,7057.2085,93.10269,
,0.0,454.38052,6348.706,39.560097,
,0.0,1908.5187,6411.6216,30.863304,
,0.0,7906.762,8102.973,44.513702,
,0.0,803.20776,1566.9191,30.357601,
,0.0,2560.6174,3057.4387,35.618828,
,0.0,8915.287,1318.1514,40.387383,
,0.0,2971.105,7306.267,72.32672,
,0.0,9278.571,5416.439,37.182106,
,0.0,7479.381,9774.914,60.564995,
,0.0,8909.644,8914.324,62.851334,
,0.0,2749.3018,2497.3606,53.76803,
,0.0,6096.403,4593.6978,41.751568,
,0.0,799.78107,8802.977,46.617577,
,0.0,6035.787,4871.916,55.807755,
,0.0,8514.22,5608.8115,71.86516,
,0.0,5287.6055,9893.697,42.651703,
-,0.0,5189.825,1404.9512,82.49696,
-,0.0,485.84164,992.6289,47.940014,
-,0.0,9665.076,754.18414,95.76803,
,0.0,7486.516,5230.8877,58.623886,
,0.0,2197.9033,6868.164,40.98289,
,0.0,7016.178,8699.591,62.942673,
,0.0,7213.7607,5080.3433,86.38283,
,0.0,9995.594,3244.8833,34.70591,
,0.0,5745.452,5004.439,53.98136,
,0.0,9486.0,4534.9556,63.08196,
,0.0,9461.094,9931.6045,41.937363,
,0.0,9062.839,103.74904,68.16946,
,0.0,7162.67,4702.5186,36.256588,
,0.0,7706.8394,6907.849,94.40083,
,0.0,8482.8545,600.2814,50.93946,
,0.0,1874.6239,9328.716,60.66623,
,0.0,813.08606,8337.2705,47.650764,
,0.0,9039.318,5248.0,81.88298,
,0.0,6212.3145,5681.779,72.71065,
,0.0,324.46683,7709.6665,38.61477,
,0.0,7039.465,3542.502,44.77982,
,0.0,6863.3228,295.90546,63.101624,
,0.0,7601.835,7251.668,44.67573,
,0.0,1694.4199,9860.634,33.318287,
,0.0,89.677574,7912.6553,92.29655,
,0.0,1107.9454,7757.9927,60.50881,
,0.0,9028.082,4542.7554,80.66872,
,0.0,718.143,6822.176,90.40256,
,0.0,9016.547,9269.619,64.49127,
,0.0,755.34344,7758.808,46.80706,
,0.0,1529.575,1338.6261,34.383682,
,0.0,9507.451,2727.0354,71.777084,
,0.0,8462.083,9439.674,65.67793,
,0.0,8087.992,3814.2134,88.2507,
,0.0,6626.404,3139.5244,92.54552,
,0.0,3984.434,3447.2954,63.669548,
,0.0,1843.4858,5430.9546,80.3459,
,0.0,5616.871,844.02856,73.14696,
,0.0,4270.844,360.35358,60.583366,
,0.0,450.8859,6930.3145,38.633842,
,0.0,397.51114,9924.364,36.595272,
,0.0,3720.4082,8000.663,34.631496,
,0.0,9971.223,1071.375,65.44983,
,0.0,1881.969,781.04675,30.208258,
,0.0,9119.489,9061.706,54.859146,
,0.0,8974.135,1730.4755,82.10535,
,0.0,6867.1187,1598.519,78.11393,
,0.0,1887.7739,7956.853,91.91187,
,0.0,649.6149,259.2218,37.686806,
,0.0,1473.9507,2686.9917,90.41425,
,0.0,2638.0974,8563.847,82.579506,
,0.0,4859.0767,1953.2902,76.68454,
,0.0,1482.4033,6199.7935,87.2782,
,0.0,8413.893,9757.425,55.990807,
,0.0,8298.515,8762.141,60.684174,
,0.0,1763.3807,8420.11,57.344078,
,0.0,3010.3123,2992.5425,43.856163,
,0.0,5158.867,5926.3145,72.3395,
,0.0,4833.2095,4960.5874,69.52348,
,0.0,9016.806,9842.42,53.340324,
,0.0,9198.064,5299.281,49.202415,
,0.0,3194.5955,3510.174,70.87422,
,0.0,7820.175,5722.2593,47.122696,
,0.0,6981.53,5241.5205,57.05178,
,0.0,2767.2827,7286.445,48.347954,
,0.0,7887.498,4730.9663,42.277103,
,0.0,6840.002,3595.904,51.40303,
,0.0,6096.8228,8474.1,32.394955,
,0.0,8455.256,2555.2427,99.655685,
,0.0,3436.6733,2848.161,77.002014,
,0.0,9808.056,2349.2598,37.954075,
,0.0,5092.966,7887.903,90.72684,
,0.0,5184.2866,6441.5015,71.49269,
,0.0,295.4954,9260.341,42.62656,
,0.0,7348.8916,5629.6064,59.848274,
,0.0,5557.402,5178.415,34.56775,
,0.0,4943.6226,7225.585,33.721653,
,0.0,9968.677,6594.9624,54.406128,
,0.0,1754.244,3037.9807,92.04532,
,0.0,2359.1667,8292.938,38.92139,
,0.0,1803.6205,843.53925,32.646576,
,0.0,4485.1206,5850.9272,53.740303,
,0.0,2631.3906,2647.0964,32.631126,
,0.0,4214.897,1610.7386,35.594032,
,0.0,9586.186,2725.3025,32.98464,
,0.0,9012.78,6462.2163,46.506706,
,0.0,2662.3945,6507.8877,51.615784,
,0.0,1783.2554,5530.608,58.399643,
,0.0,4263.023,6131.455,88.122696,
EVIL ANDY,0.0,1652.1067,4139.5903,71.09719,
MASKED WIZZARD,0.0,7940.6025,4012.6104,97.337364,
MASKED WIZZARD,0.0,5161.03,680.09735,59.55448,
,0.0,9432.0205,4365.459,74.44333,
,0.0,477.522,2220.645,73.69214,
,0.0,1544.6549,7193.329,67.60642,
,0.0,798.0579,4872.1387,59.439102,
,0.0,7665.8975,9604.615,96.93726,
,0.0,2550.6384,1637.5178,81.14741,
,0.0,1373.914,4618.1445,78.43483,
,0.0,6799.752,9083.87,75.192184,
,0.0,1753.3016,4487.8047,77.68028,
,0.0,88.06407,3409.4739,40.042324,
,0.0,2567.802,6675.3716,95.43944,
,0.0,3055.5356,3093.241,46.05857,
,0.0,324.9216,1085.0394,74.14223,
,0.0,1882.971,4398.4663,56.76673,
,0.0,7107.0596,2541.4717,75.36254,
,0.0,7665.4463,7990.2666,64.42357,
,0.0,4970.739,406.25333,38.46703,
,0.0,5975.7944,6735.4004,63.591778,
,0.0,975.57544,3183.183,71.0526,
,0.0,2609.1462,3119.0461,52.54148,
,0.0,661.75464,4234.867,70.36845,
,0.0,3256.2012,467.38864,95.34224,
,0.0,2366.2048,7935.205,43.649582,
,0.0,6207.994,8419.024,78.6681,
,0.0,5068.9663,9913.085,74.13713,
,0.0,5490.88,5963.6875,70.20158,
,0.0,3072.5854,5550.3345,91.02048,
,0.0,3587.8801,3398.4358,98.80528,
,0.0,2022.146,5685.894,75.65605,
,0.0,4148.6377,3903.495,57.065132,
,0.0,1229.6361,8235.965,40.961475,
,0.0,2867.9465,9963.77,42.869102,
,0.0,2287.7317,6675.872,80.95567,
,0.0,9491.839,4332.7437,99.17711,
,0.0,9868.274,5472.598,91.81595,
,0.0,4148.192,323.1579,57.546585,
,0.0,4749.397,1399.4807,39.50508,
,0.0,8461.602,3780.1082,67.667015,
,0.0,8264.575,6997.661,93.47479,
,0.0,2685.2417,8533.326,50.410233,
,0.0,6897.8296,7291.749,98.53508,
,0.0,4895.6025,1737.6674,66.53854,
,0.0,1850.1592,9180.734,36.48033,
,0.0,4111.8193,5123.0825,43.7946,
,0.0,1646.2892,5115.064,74.68704,
,0.0,4119.7734,5364.8228,70.750534,
,0.0,5169.159,8239.984,54.548332,
,0.0,9068.132,4941.9673,42.957542,
,0.0,4051.4236,5484.013,38.8405,
,0.0,9346.316,7772.94,68.681564,
,0.0,591.71497,1655.482,43.156765,
,0.0,6396.083,1018.51044,64.077354,
,0.0,2408.8984,1345.1069,47.17739,
,0.0,9059.048,9393.951,30.3103,
,0.0,8433.982,6085.6445,41.21145,
,0.0,7968.631,5236.094,62.523357,
,0.0,4830.6187,3713.8796,88.012085,
,0.0,5051.723,9718.367,50.0507,
,0.0,1406.0385,6940.2256,68.71628,
,0.0,4212.6147,370.63123,99.81926,
,0.0,8704.9795,5527.262,73.70714,
,0.0,6075.8125,6546.8716,92.9111,
,0.0,9319.357,8743.337,92.93485,
,0.0,8941.118,772.06793,34.300243,
,0.0,1681.5103,3430.165,80.33747,
,0.0,9733.116,1245.473,79.141785,
,0.0,1083.2787,2864.2678,95.26224,
,0.0,7811.6963,9594.434,77.43799,
,0.0,4362.291,8809.181,42.868114,
,0.0,2008.7325,6063.3706,65.80059,
,0.0,6684.6006,5092.8726,91.404785,
,0.0,7973.0845,8856.148,47.28558,
,0.0,7386.488,3106.7651,68.897934,
,0.0,5537.6655,2566.4717,84.23483,
,0.0,3962.0347,8711.007,73.919334,
,0.0,7656.2627,4017.4658,94.543144,
,0.0,1577.2069,853.95514,82.45806,
,0.0,7688.3115,9979.677,71.70007,
,0.0,1274.9648,7546.4487,67.13619,
,0.0,1828.5548,6205.6094,48.414127,
,0.0,1767.9739,4302.6553,41.707966,
,0.0,901.2789,792.6965,93.66427,
,0.0,4556.883,8818.959,74.63634,
,0.0,2422.406,297.30023,47.604332,
,0.0,5612.698,5416.6855,65.87288,
,0.0,107.578636,4036.5369,39.343193,
,0.0,2360.662,9469.224,31.339157,
,0.0,7634.205,6209.857,55.69281,
,0.0,9323.296,3493.3025,92.05386,
,0.0,7791.405,4027.7456,82.765335,
,0.0,87.51214,7812.095,75.03557,
,0.0,6883.2246,3238.5105,71.55587,
,0.0,1759.8892,1439.8801,33.975784,
,0.0,8073.8223,7640.1426,72.791824,
,0.0,5300.198,4720.7812,45.20437,
,0.0,1943.0131,708.60266,51.52227,
,0.0,3033.5994,7601.8,34.829758,
,0.0,1740.9844,199.23866,51.721718,
,0.0,5168.134,3273.9287,30.142569,
,0.0,4058.3455,1667.7457,88.865234,
,0.0,8838.635,4486.537,79.963684,
,0.0,5854.5107,8853.8125,97.76429,
,0.0,4020.44,7450.71,98.49134,
,0.0,1956.9719,5581.4,58.147774,
,0.0,7409.0127,4666.587,97.661674,
,0.0,3830.2617,5218.3037,95.753784,
,0.0,2980.3186,7929.1045,96.96402,
,0.0,603.5709,8007.636,33.41136,
,0.0,9898.9375,8699.995,51.973846,
,0.0,358.3932,4399.9546,63.742115,
,0.0,676.43164,367.67184,90.17836,
,0.0,133.4685,8546.897,38.824265,
,0.0,7872.573,6002.305,57.289482,
,0.0,1219.8472,8855.459,79.31802,
,0.0,374.39465,6266.058,87.63185,
EVIL ANDY,0.0,2441.2979,1573.1638,35.408714,
BAD APE,0.0,6326.769,6684.2227,40.11902,
SPEEDY CHAD,0.0,1219.6559,5930.0166,61.04308,
,0.0,6703.465,7866.815,79.23235,
,0.0,6886.9556,8221.75,77.31325,
,0.0,8164.825,4457.019,86.299286,
,0.0,1683.0122,3851.4346,99.430046,
,0.0,7085.0723,7255.359,87.30363,
,0.0,1113.5858,5644.74,86.992256,
,0.0,7549.698,983.49274,96.131874,
,0.0,98.44363,5960.7793,56.45453,
,0.0,421.59378,605.30365,84.7719,
,0.0,9025.286,7847.5503,75.07184,
,0.0,9607.499,476.6351,54.497963,
,0.0,2996.98,6381.5093,91.35011,
,0.0,6912.6797,9876.388,48.267944,
,0.0,2145.806,3696.9937,30.189383,
,0.0,7047.47,5922.0195,68.28725,
,0.0,1783.6857,9024.095,32.50302,
,0.0,4489.812,5555.9,55.675278,
,0.0,7191.896,3294.1353,49.46891,
,0.0,5965.19,2336.852,43.032066,
,0.0,3866.3728,1746.4197,42.71514,
,0.0,2514.3296,3090.4229,53.63723,
,0.0,3517.4448,615.02936,35.69515,
,0.0,8419.903,4367.433,54.451557,
,0.0,4108.1147,406.8911,88.507484,
,0.0,2046.1368,2043.0625,37.101906,
,0.0,6457.077,1119.6459,45.079002,
,0.0,4899.5645,2540.4375,79.37019,
,0.0,8748.616,34.663677,52.821575,
,0.0,8684.086,3538.4243,67.26853,
RAPHI,3182.0,350.38806,2096.8293,88.74523,
RAPHI,3270.0,9251.318,7000.7817,93.03302,
RAPHI,3285.0,6720.781,9224.338,49.57599,
,0.0,6753.9946,9272.575,54.235878,
,0.0,6802.6055,9273.306,41.497208,
,0.0,6891.4307,9269.462,98.227615,
,0.0,6926.3623,9339.748,58.348312,
,0.0,1033.7847,5027.957,68.794395,
,0.0,1050.7623,5115.766,81.34326,
,0.0,617.1906,1809.3378,64.11331,
,0.0,5263.313,7600.1006,92.28855,
,0.0,5768.1934,7001.8066,30.264984,
,0.0,6675.552,5525.6587,55.97422,
,0.0,3756.8975,5962.398,55.128906,
,0.0,6683.096,5414.234,42.722576,
,0.0,6190.502,6522.187,32.8233,
,0.0,9311.743,1641.3999,75.0906,
,0.0,8360.326,4490.1475,36.08762,
,0.0,1459.0925,1275.7642,98.260735,
,0.0,7203.712,7547.3066,99.93025,
,0.0,5168.6724,7457.221,99.58435,
,0.0,8281.64,1531.08,92.611694,
,0.0,3731.9387,2517.3743,64.808426,
,0.0,844.8279,9794.546,70.56462,
,0.0,7560.0312,748.8358,80.54602,
,0.0,3346.4832,324.05792,78.40173,
,0.0,3649.7278,9535.777,32.641937,
,0.0,243.50941,6667.1396,60.432873,
,0.0,601.2672,2293.5278,57.542984,
,0.0,8386.096,2517.5076,83.906494,
,0.0,7403.463,6709.5317,87.65796,
,0.0,6908.8066,987.2937,76.9984,
,0.0,4660.8877,4221.9883,53.25659,
,0.0,6335.428,505.7138,73.58341,
,0.0,2142.539,3083.8037,50.697876,
,0.0,5362.655,4100.536,42.831707,
,0.0,6735.209,6309.3438,41.529636,
,0.0,4843.892,2509.92,91.590744,
,0.0,4084.6,3725.918,58.93766,
,0.0,4169.029,6400.5156,82.03116,
,0.0,5192.0186,8974.011,40.51498,
,0.0,5304.0664,6171.5293,41.12372,
,0.0,466.39502,9183.154,54.673172,
,0.0,9743.01,174.371,46.152615,
,0.0,7667.396,5610.47,44.49337,
,0.0,4711.7715,4837.4097,87.04212,
,0.0,2399.7646,5128.2666,44.697563,
,0.0,4009.1736,8040.4844,96.35003,
,0.0,8498.602,7972.253,79.84996,
,0.0,5487.321,7293.7046,36.76129,
,0.0,3179.8613,38.544537,34.460453,
,0.0,9577.97,2772.1978,61.05993,
,0.0,9038.732,234.20572,94.157265,
,0.0,9138.261,5487.5044,98.23305,
,0.0,8319.676,4798.8345,54.056274,
,0.0,5528.791,2226.8445,96.138954,
,0.0,5894.2725,6718.833,84.406395,
,0.0,9309.486,5247.27,59.38511,
,0.0,9317.736,5934.1514,45.00342,
,0.0,1201.0342,2781.8323,42.31859,
,0.0,1856.398,2143.1821,96.87658,
,0.0,3558.5808,3175.7915,53.275322,
,0.0,2573.0044,8356.556,64.857994,
,0.0,8997.978,2989.5056,58.74456,
,0.0,9503.935,8367.792,48.245182,
,0.0,7440.993,519.3031,68.429214,
,0.0,2865.3604,6716.2866,50.63883,
,0.0,7698.23,504.08185,52.53847,
,0.0,9666.512,6389.0166,77.13646,
,0.0,5964.4673,1859.5231,37.12253,
,0.0,212.6807,7819.2847,51.2477,
,0.0,1548.4357,7251.192,69.66017,
,0.0,565.8227,4322.6445,79.085846,
,0.0,6050.1772,8498.284,34.28084,
,0.0,7567.703,6136.036,32.920357,
,0.0,1651.001,9453.918,80.95374,
,0.0,9129.815,1961.8868,46.465984,
,0.0,9914.265,8892.415,64.94704,
,0.0,8721.689,4725.5586,77.46838,
,0.0,7520.6846,6220.9614,56.65678,
,0.0,5401.966,393.89252,32.129486,
,0.0,6320.9336,9505.029,58.884808,
,0.0,8651.204,4259.609,44.988827,
,0.0,8716.156,8812.26,49.16668,
,0.0,2668.4756,6681.9663,80.75754,
,0.0,1850.1925,7246.821,87.5798,
,0.0,4243.199,9541.851,83.824234,
,0.0,5448.5107,4810.2397,55.566566,
,0.0,1056.0614,7184.6084,54.42001,
,0.0,2885.8674,8308.431,56.99949,
,0.0,6153.276,730.1408,82.185326,
,0.0,4084.5256,7773.8354,75.28386,
,0.0,3450.0725,6594.727,41.2726,
,0.0,6081.298,3998.1318,37.33664,
,0.0,7206.555,6245.7173,65.99553,
,0.0,1242.1841,1403.3759,84.097946,
,0.0,7649.1426,582.7707,88.89299,
,0.0,2610.1946,6599.285,88.28433,
,0.0,1082.1157,4561.819,76.00444,
,0.0,8351.442,2417.6455,70.79016,
,0.0,238.29817,16.893745,90.83249,
,0.0,3548.8433,8954.79,87.881645,
,0.0,4954.167,9826.69,85.86106,
,0.0,1384.6141,3694.3633,41.674587,
,0.0,8401.692,8200.07,59.648827,
,0.0,2062.8506,272.10416,86.655426,
,0.0,9348.997,3502.9607,85.614746,
,0.0,9948.711,4615.8926,81.780716,
,0.0,7283.8237,9523.578,45.842648,
,0.0,1322.4637,3113.374,72.989685,
,0.0,3049.392,3365.9048,46.731087,
,0.0,3754.267,9391.07,41.349495,
,0.0,7247.496,9854.296,66.33665,
,0.0,2922.0247,8334.303,85.92091,
,0.0,109.782814,7706.884,73.44875,
,0.0,1387.1711,5902.669,50.668365,
,0.0,6555.3022,2414.5322,80.2111,
,0.0,3368.5142,2130.213,81.189606,
,0.0,8132.36,4407.4087,46.31321,
,0.0,4620.9307,4589.1694,37.897465,
,0.0,38.016438,8966.711,67.56618,
,0.0,429.14987,6847.952,68.05597,
,0.0,7917.5854,5788.998,31.580017,
,0.0,8718.562,629.5228,79.59091,
,0.0,5942.4956,1104.7119,41.57766,
,0.0,8458.088,5312.0947,93.436584,
,0.0,1254.6003,4926.232,83.92633,
,0.0,1865.5544,4206.4707,45.94771,
,0.0,6894.6465,8764.198,62.029617,
,0.0,5861.0786,2460.7932,47.17798,
,0.0,4649.544,5299.356,91.74396,
,0.0,8232.394,4500.7466,56.897366,
,0.0,267.2535,2562.5164,32.286537,
,0.0,610.0065,4144.378,49.9142,
,0.0,8473.099,1641.5924,81.46492,
,0.0,4331.202,7901.305,33.14359,
,0.0,6647.2856,8957.705,59.76391,
,0.0,8194.296,1615.8431,74.5344,
,0.0,2730.341,1243.98,43.483257,
,0.0,6377.2397,7544.413,81.53633,
,0.0,3245.377,2378.8042,69.804474,
,0.0,2480.5205,573.5731,92.10126,
,0.0,4186.954,394.4272,59.56269,
,0.0,5503.287,3356.2778,95.22,
,0.0,7920.863,8333.577,71.45618,
,0.0,6642.453,1764.1187,40.802635,
,0.0,8240.815,3716.1052,79.24533,
,0.0,2385.2283,4275.8013,44.92815,
,0.0,7923.741,2041.5497,61.689262,
,0.0,2536.6206,7493.321,47.07772,
,0.0,8789.883,2357.654,36.006454,
,0.0,8553.7295,7354.1846,45.240883,
,0.0,2795.4805,510.6914,36.60337,
,0.0,7075.411,2294.538,58.543533,
,0.0,3498.488,5732.776,44.230698,
,0.0,7349.2354,8379.606,40.793446,
,0.0,8310.546,2757.3013,78.714874,
,0.0,5384.244,719.30945,45.608448,
,0.0,2425.1306,2793.6423,87.510956,
,0.0,6515.982,987.7324,90.865845,
,0.0,3205.8323,8719.897,91.36977,
,0.0,1808.818,7280.9395,68.15016,
,0.0,4529.489,3569.697,68.31525,
,0.0,243.5118,8859.894,73.911415,
,0.0,7574.351,8564.867,49.881985,
,0.0,5406.847,1279.6467,41.576397,
,0.0,7963.9917,2779.0833,78.3165,
,0.0,4221.8506,2709.1294,67.26091,
,0.0,2040.1127,499.4583,40.864967,
,0.0,8202.676,9164.856,67.35306,
,0.0,4016.2737,6226.869,30.911299,
,0.0,7951.8394,1448.7559,61.730453,
,0.0,1136.2052,5411.6553,70.41976,
,0.0,5727.015,8312.514,80.860146,
,0.0,5988.04,3433.78,59.345436,
,0.0,9589.489,4756.977,75.217545,
,0.0,9754.825,3698.2454,42.45027,
,0.0,9532.993,3623.3623,39.84286,
,0.0,5150.6396,5447.8784,45.24292,
,0.0,8629.494,4439.4546,96.24459,
,0.0,9303.191,5453.7446,95.889694,
,0.0,6935.981,7684.015,44.673405,
,0.0,9499.362,165.90416,98.45694,
,0.0,4628.083,9186.5205,93.76738,
,0.0,6424.029,2979.4658,66.12678,
,0.0,6746.4536,3999.5288,61.90567,
,0.0,5835.08,6912.4907,82.968155,
,0.0,7936.0527,1101.2686,91.1219,
,0.0,2402.0977,9265.599,69.10008,
,0.0,4151.674,9814.578,98.65281,
,0.0,8845.899,6501.245,39.03347,
,0.0,1912.7583,1812.2512,76.283005,
,0.0,3701.6313,6714.0293,33.518604,
,0.0,8007.293,2780.55,52.16822,
,0.0,2329.5962,9034.841,73.07776,
,0.0,8095.532,1830.7114,56.30146,
,0.0,730.2505,1094.3097,67.732864,
,0.0,8998.11,6171.61,65.54166,
,0.0,1850.5681,5154.261,42.235126,
,0.0,3588.0154,6351.817,33.935745,
,0.0,6595.3403,7917.2363,44.11886,
,0.0,403.6063,7478.2993,41.28141,
,0.0,2602.129,8128.969,90.88521,
,0.0,9765.14,7712.3267,66.18179,
,0.0,6119.929,4.107952,43.58487,
,0.0,3463.8853,9856.882,93.88581,
,0.0,3696.3784,8172.404,41.048756,
,0.0,5210.8193,5054.65,52.101803,
,0.0,5978.866,7775.8955,54.643967,
,0.0,9180.958,1295.3198,92.901955,
,0.0,3294.9705,3965.6663,53.448357,
,0.0,5186.556,4505.2847,49.40071,
,0.0,1391.6022,354.79843,38.642162,
,0.0,8536.881,2976.654,70.43467,
,0.0,3421.7769,6836.735,34.79936,
,0.0,4495.325,6623.376,80.11542,
,0.0,2440.0645,2927.6394,90.17816,
,0.0,9348.711,652.4503,43.190235,
,0.0,5582.1836,853.34955,67.73487,
,0.0,5194.785,7303.3784,40.758507,
,0.0,9953.919,9917.415,83.26595,
,0.0,9548.313,2540.7053,96.54906,
,0.0,9083.005,5390.49,66.33154,
,0.0,4198.4673,153.5362,48.52626,
,0.0,2872.0361,7882.1655,37.792107,
,0.0,8061.158,7853.508,41.318027,
,0.0,7471.3184,2894.6912,50.341476,
,0.0,4787.552,6220.5557,87.43234,
,0.0,6326.483,2754.4104,62.165985,
,0.0,6499.104,1967.9445,49.25096,
,0.0,1655.4922,6446.8516,51.240635,
,0.0,5495.5737,2977.6418,37.241913,
,0.0,7552.7876,6694.418,47.315865,
,0.0,589.5317,8213.986,78.3736,
,0.0,4617.755,4117.131,47.27695,
,0.0,6707.5737,931.67126,64.346954,
,0.0,8085.575,5789.1685,96.172646,
,0.0,7708.6304,8480.572,60.831192,
,0.0,7412.4653,9389.253,98.464066,
,0.0,6074.219,2298.888,45.72138,
,0.0,9465.353,9904.702,73.501495,
,0.0,191.1211,4929.654,76.60452,
,0.0,5048.3633,6006.7134,31.091972,
,0.0,7794.391,1657.8525,64.6566,
,0.0,5297.2256,7546.567,98.88092,
,0.0,9321.592,3583.0122,73.4182,
,0.0,9705.516,2198.211,31.872505,
,0.0,9125.84,4100.7954,49.072445,
,0.0,3732.7468,1199.3599,94.59947,
,0.0,387.7938,4132.5737,44.823135,
,0.0,622.08655,7378.8745,96.46872,
,0.0,3907.2073,735.7269,42.39585,
,0.0,1472.6007,2359.1006,98.8423,
,0.0,4596.563,1256.8801,79.23439,
,0.0,1289.9464,8290.439,66.22042,
,0.0,842.66187,7186.2183,73.59238,
,0.0,4046.5593,3790.3457,88.43059,
,0.0,4996.494,3170.4963,43.294006,
,0.0,483.2369,6558.5737,76.06633,
,0.0,1143.0132,6271.824,59.19853,
,0.0,5146.565,4985.8975,44.02771,
,0.0,5563.446,9818.235,80.242096,
,0.0,311.1583,4802.0386,75.38811,
,0.0,6546.8667,2250.974,40.76915,
,0.0,1913.6978,4514.616,77.012184,
,0.0,9401.875,7704.995,78.54076,
,0.0,5431.905,5050.005,59.870815,
,0.0,6216.368,4009.3135,56.13391,
,0.0,7286.5093,7628.0654,87.28777,
,0.0,8872.236,8786.602,53.684734,
,0.0,6475.3135,9522.139,99.59335,
,0.0,616.50037,8363.627,73.38075,
,0.0,172.28543,9393.936,95.63032,
,0.0,5592.982,3945.377,95.75362,
,0.0,1851.902,8183.653,31.542057,
,0.0,4976.8613,7712.1494,48.91185,
,0.0,6157.3325,6197.4834,87.6221,
,0.0,1927.5219,8335.965,64.29597,
,0.0,2454.0872,3089.748,50.99968,
,0.0,7202.6797,3008.4534,37.350212,
,0.0,5004.7397,7027.4927,53.23907,
,0.0,5176.273,7127.3784,50.013206,
,0.0,3747.095,9482.344,90.78351,
,0.0,8131.426,6977.185,92.738144,
,0.0,2945.8892,7939.6904,70.03122,
,0.0,2220.2527,4930.7744,77.17682,
,0.0,9646.881,8080.135,57.60044,
,0.0,5279.316,1061.3549,36.007122,
,0.0,3910.5188,168.52141,66.77962,
,0.0,8154.785,1747.5259,63.366753,
,0.0,9711.998,9668.26,52.571728,
,0.0,1088.3856,6757.288,55.191025,
,0.0,3115.9382,7899.059,78.90531,
,0.0,3402.4255,4357.6724,36.779858,
,0.0,1368.7885,4082.8247,67.93179,
,0.0,9975.489,48.46454,90.461365,
,0.0,7691.342,8669.931,55.443314,
,0.0,9977.711,6472.6924,62.87595,
,0.0,7597.4233,2794.0117,54.701027,
,0.0,561.08356,2753.216,96.165306,
,0.0,9541.532,9842.297,35.496017,
,0.0,4285.9365,955.78015,97.24596,
,0.0,268.71265,3904.2378,61.80918,
,0.0,2041.5956,312.3182,48.63335,
,0.0,5502.8594,5385.621,68.33569,
,0.0,2341.2395,4638.0615,45.221397,
,0.0,2675.789,1142.0864,42.535805,
,0.0,573.2358,2692.358,30.189035,
,0.0,5519.439,1666.0894,35.829906,
,0.0,8890.436,1735.4059,83.93359,
,0.0,7014.762,4402.6343,80.53222,
,0.0,5050.8447,363.01315,48.152245,
,0.0,718.298,3344.406,85.71953,
,0.0,3268.5518,2504.5847,37.178486,
,0.0,2684.6106,3383.4512,71.92799,
,0.0,4519.4014,3595.1633,32.322422,
,0.0,1083.9474,7075.6606,82.64468,
,0.0,6139.748,2451.3728,72.794846,
,0.0,1970.9343,3713.2822,90.13152,
,0.0,6535.0557,5967.3525,58.578396,
,0.0,5634.099,1036.4359,61.54863,
,0.0,3101.0847,4632.6353,74.1745,
,0.0,5187.734,5895.5684,61.155186,
,0.0,5552.425,1066.64,97.30854,
,0.0,1336.1007,5499.021,66.023865,
,0.0,8401.406,3122.5913,68.89959,
,0.0,2534.4617,6909.7227,67.30744,
,0.0,282.73166,2030.3494,76.05707,
,0.0,5529.264,4733.0903,55.775448,
,0.0,7798.413,1913.9678,44.89968,
,0.0,4022.9934,292.7941,61.82264,
,0.0,4971.389,4335.2993,32.358036,
,0.0,8367.152,9568.522,62.00349,
,0.0,9145.304,2518.744,79.06095,
,0.0,6013.906,3959.421,32.601788,
,0.0,6391.4067,1375.0917,48.08201,
,0.0,823.58716,8235.171,82.62546,
,0.0,1307.8016,7352.026,87.74866,
,0.0,5854.361,8682.514,72.841965,
,0.0,1035.5419,1820.969,65.74359,
,0.0,2193.4575,2413.9636,78.5677,
,0.0,37.15515,7055.214,52.517937,
,0.0,572.27014,1210.2366,72.18417,
,0.0,5684.272,628.2836,63.782444,
,0.0,3314.0808,6512.8857,45.210102,
,0.0,615.7422,2416.336,79.8981,
,0.0,8947.136,5163.7607,36.029255,
,0.0,1894.3894,7685.463,30.625202,
,0.0,1500.7651,9329.421,81.74161,
,0.0,5450.112,195.58191,34.37704,
,0.0,268.0099,2115.4834,80.18247,
,0.0,5220.8203,6975.7007,31.51249,
,0.0,9850.147,1495.4662,52.844917,
,0.0,9263.475,7092.5557,92.11801,
,0.0,2211.8533,3554.8335,33.097664,
,0.0,3917.824,802.3375,83.13318,
,0.0,8946.834,440.72748,67.67796,
,0.0,517.8249,5718.6387,84.84661,
,0.0,6253.345,7463.2056,46.835133,
,0.0,4040.2144,7823.0376,86.73682,
,0.0,3158.471,7267.17,96.60721,
,0.0,2995.2598,9645.617,69.22047,
,0.0,6968.599,9401.727,91.65558,
,0.0,1103.5299,5134.9937,30.979841,
,0.0,4000.3604,1134.7986,72.2592,
,0.0,3374.932,6183.7275,42.45759,
,0.0,3295.1855,1332.481,89.033066,
,0.0,3172.2266,8390.61,56.611465,
,0.0,3493.2036,8361.287,59.674458,
,0.0,6449.2095,8684.429,95.56656,
,0.0,1023.34796,8520.348,50.852856,
,0.0,2667.1582,5227.7764,76.55145,
,0.0,1062.1715,6442.9766,99.18987,
,,847.8177,554.12946,,
,,269.44934,9896.811,,
,,3996.5212,4692.7393,,
